Device,VLAN,VLAN_Name,SVI_IP,SVI_MAC,SVI_MAC_Company,SVI_Description,MAC_Count,ARP_Count,Traffic_Check,Traffic_Ports,MAC_Address,MAC_Company,ARP_Check,ARP_Missing_MACs,Root_Bridge,Shutdown_Recommendation,Shutdown_Recommendation_Reason
DDC1-USON-ASW1,1,default,,,,,2,0,TRAFFIC_DETECTED,Po2,1a2e.3af0.74dd; 4257.b8dc.d574,Locally administered/randomized MAC; Locally administered/randomized MAC,MISSING_ARP,1a2e.3af0.74dd; 4257.b8dc.d574,NO,WEAK,No ARP entries; the other endpoint data source still has entries
DDC1-USON-ASW1,110,USON_WEB1,,,,,2,0,TRAFFIC_DETECTED,Po2,0000.0c9f.f00a; 0026.9822.8bc3,"Cisco Systems, Inc; Cisco Systems, Inc",MISSING_ARP,0000.0c9f.f00a; 0026.9822.8bc3,NO,WEAK,No ARP entries; the other endpoint data source still has entries
DDC1-USON-ASW1,111,USON_WEB2,,,,,2,0,TRAFFIC_DETECTED,Po2,0000.0c9f.f00a; 0026.9822.8bc3,"Cisco Systems, Inc; Cisco Systems, Inc",MISSING_ARP,0000.0c9f.f00a; 0026.9822.8bc3,NO,WEAK,No ARP entries; the other endpoint data source still has entries
DDC1-USON-ASW1,118,USON_VMMGT,,,,,2,0,TRAFFIC_DETECTED,Po2,0000.0c9f.f00a; 0026.9822.8bc3,"Cisco Systems, Inc; Cisco Systems, Inc",MISSING_ARP,0000.0c9f.f00a; 0026.9822.8bc3,NO,WEAK,No ARP entries; the other endpoint data source still has entries
DDC1-USON-ASW1,119,USON_VMHB,,,,,2,0,TRAFFIC_DETECTED,Po2,0000.0c9f.f00a; 0026.9822.8bc3,"Cisco Systems, Inc; Cisco Systems, Inc",MISSING_ARP,0000.0c9f.f00a; 0026.9822.8bc3,NO,WEAK,No ARP entries; the other endpoint data source still has entries
DDC1-USON-ASW1,122,VM_VMOTION,,,,,2,0,TRAFFIC_DETECTED,Po2,0000.0c9f.f00a; 0026.9822.8bc3,"Cisco Systems, Inc; Cisco Systems, Inc",MISSING_ARP,0000.0c9f.f00a; 0026.9822.8bc3,NO,WEAK,No ARP entries; the other endpoint data source still has entries
DDC1-USON-ASW1,124,USON_JCAP_1,,,,,0,0,TRAFFIC_UNAVAILABLE,Vlan124,,,NO_MACS,,NO,MODERATE,No MACs or ARPs; traffic could not be confirmed
DDC1-USON-ASW1,125,USON_JCAP_2,,,,,0,0,TRAFFIC_UNAVAILABLE,Vlan125,,,NO_MACS,,NO,MODERATE,No MACs or ARPs; traffic could not be confirmed
DDC1-USON-ASW1,130,USON_AD_SEC,,,,,2,0,TRAFFIC_DETECTED,Po2,0000.0c9f.f00a; 0026.9822.8bc3,"Cisco Systems, Inc; Cisco Systems, Inc",MISSING_ARP,0000.0c9f.f00a; 0026.9822.8bc3,NO,WEAK,No ARP entries; the other endpoint data source still has entries
DDC1-USON-ASW1,132,DDC_CAJ2,,,,,2,0,TRAFFIC_DETECTED,Po2,0000.0c9f.f00a; 0026.9822.8bc3,"Cisco Systems, Inc; Cisco Systems, Inc",MISSING_ARP,0000.0c9f.f00a; 0026.9822.8bc3,NO,WEAK,No ARP entries; the other endpoint data source still has entries
DDC1-USON-ASW1,133,DDC_CAJ3,,,,,2,0,TRAFFIC_DETECTED,Po2,0000.0c9f.f00a; 0026.9822.8bc3,"Cisco Systems, Inc; Cisco Systems, Inc",MISSING_ARP,0000.0c9f.f00a; 0026.9822.8bc3,NO,WEAK,No ARP entries; the other endpoint data source still has entries
DDC1-USON-ASW1,136,USON_EXCHANGE_SEC,,,,,2,0,TRAFFIC_DETECTED,Po2,0000.0c9f.f00a; 0026.9822.8bc3,"Cisco Systems, Inc; Cisco Systems, Inc",MISSING_ARP,0000.0c9f.f00a; 0026.9822.8bc3,NO,WEAK,No ARP entries; the other endpoint data source still has entries
DDC1-USON-ASW1,137,USON_CITRIX_PRI,,,,,2,0,TRAFFIC_DETECTED,Po2,0000.0c9f.f00a; 0026.9822.8bc3,"Cisco Systems, Inc; Cisco Systems, Inc",MISSING_ARP,0000.0c9f.f00a; 0026.9822.8bc3,NO,WEAK,No ARP entries; the other endpoint data source still has entries
DDC1-USON-ASW1,138,USON_CITRIX_SEC,,,,,2,0,TRAFFIC_DETECTED,Po2,0000.0c9f.f00a; 0026.9822.8bc3,"Cisco Systems, Inc; Cisco Systems, Inc",MISSING_ARP,0000.0c9f.f00a; 0026.9822.8bc3,NO,WEAK,No ARP entries; the other endpoint data source still has entries
DDC1-USON-ASW1,139,USON_MELIO,,,,,2,0,TRAFFIC_DETECTED,Po2,0000.0c9f.f00a; 0026.9822.8bc3,"Cisco Systems, Inc; Cisco Systems, Inc",MISSING_ARP,0000.0c9f.f00a; 0026.9822.8bc3,NO,WEAK,No ARP entries; the other endpoint data source still has entries
DDC1-USON-ASW1,140,USON_CITRIX_PVS1,,,,,2,0,TRAFFIC_DETECTED,Po2,0000.0c9f.f00a; 0026.9822.8bc3,"Cisco Systems, Inc; Cisco Systems, Inc",MISSING_ARP,0000.0c9f.f00a; 0026.9822.8bc3,NO,WEAK,No ARP entries; the other endpoint data source still has entries
DDC1-USON-ASW1,141,USON_CITRIX_PVS2,,,,,2,0,TRAFFIC_DETECTED,Po2,0000.0c9f.f00a; 0026.9822.8bc3,"Cisco Systems, Inc; Cisco Systems, Inc",MISSING_ARP,0000.0c9f.f00a; 0026.9822.8bc3,NO,WEAK,No ARP entries; the other endpoint data source still has entries
DDC1-USON-ASW1,144,USON_SQL,,,,,2,0,TRAFFIC_DETECTED,Po2,0000.0c9f.f00a; 0026.9822.8bc3,"Cisco Systems, Inc; Cisco Systems, Inc",MISSING_ARP,0000.0c9f.f00a; 0026.9822.8bc3,NO,WEAK,No ARP entries; the other endpoint data source still has entries
DDC1-USON-ASW1,301,USON_DMZ_TMP1,,,,,0,0,TRAFFIC_UNAVAILABLE,Vlan301,,,NO_MACS,,NO,MODERATE,No MACs or ARPs; traffic could not be confirmed
DDC1-USON-ASW1,302,USON_DMZ_TMP2,,,,,0,0,TRAFFIC_UNAVAILABLE,Vlan302,,,NO_MACS,,NO,MODERATE,No MACs or ARPs; traffic could not be confirmed
DDC1-USON-ASW1,402,USON_ENC_CITRIX01C,,,,,2,0,TRAFFIC_DETECTED,Po2,0000.0c9f.f00a; 0026.9822.8bc3,"Cisco Systems, Inc; Cisco Systems, Inc",MISSING_ARP,0000.0c9f.f00a; 0026.9822.8bc3,NO,WEAK,No ARP entries; the other endpoint data source still has entries
DDC1-USON-ASW1,404,USON_ENC_CITRIX01E,,,,,2,0,TRAFFIC_DETECTED,Po2,0000.0c9f.f00a; 0026.9822.8bc3,"Cisco Systems, Inc; Cisco Systems, Inc",MISSING_ARP,0000.0c9f.f00a; 0026.9822.8bc3,NO,WEAK,No ARP entries; the other endpoint data source still has entries
DDC1-USON-ASW1,408,USON_ENC_CITRIX02A,,,,,2,0,TRAFFIC_DETECTED,Po2,0000.0c9f.f00a; 0026.9822.8bc3,"Cisco Systems, Inc; Cisco Systems, Inc",MISSING_ARP,0000.0c9f.f00a; 0026.9822.8bc3,NO,WEAK,No ARP entries; the other endpoint data source still has entries
DDC1-USON-ASW1,409,USON_ENC_CITRIX02B,,,,,2,0,TRAFFIC_DETECTED,Po2,0000.0c9f.f00a; 0026.9822.8bc3,"Cisco Systems, Inc; Cisco Systems, Inc",MISSING_ARP,0000.0c9f.f00a; 0026.9822.8bc3,NO,WEAK,No ARP entries; the other endpoint data source still has entries
DDC1-USON-ASW1,410,USON_ENC_CITRIX02C,,,,,2,0,TRAFFIC_DETECTED,Po2,0000.0c9f.f00a; 0026.9822.8bc3,"Cisco Systems, Inc; Cisco Systems, Inc",MISSING_ARP,0000.0c9f.f00a; 0026.9822.8bc3,NO,WEAK,No ARP entries; the other endpoint data source still has entries
DDC1-USON-ASW1,412,USON_ENC_CITRIX02E,,,,,2,0,TRAFFIC_DETECTED,Po2,0000.0c9f.f00a; 0026.9822.8bc3,"Cisco Systems, Inc; Cisco Systems, Inc",MISSING_ARP,0000.0c9f.f00a; 0026.9822.8bc3,NO,WEAK,No ARP entries; the other endpoint data source still has entries
DDC1-USON-ASW1,415,Kurt-VLAN,,,,,2,0,TRAFFIC_DETECTED,Po2,0000.0c9f.f00a; 0026.9822.8bc3,"Cisco Systems, Inc; Cisco Systems, Inc",MISSING_ARP,0000.0c9f.f00a; 0026.9822.8bc3,NO,WEAK,No ARP entries; the other endpoint data source still has entries
DDC1-USON-ASW1,416,USON_ENC_CITRIX03A,,,,,2,0,TRAFFIC_DETECTED,Po2,0000.0c9f.f00a; 0026.9822.8bc3,"Cisco Systems, Inc; Cisco Systems, Inc",MISSING_ARP,0000.0c9f.f00a; 0026.9822.8bc3,NO,WEAK,No ARP entries; the other endpoint data source still has entries
DDC1-USON-ASW1,418,USON_ENC_CITRIX03C,,,,,2,0,TRAFFIC_DETECTED,Po2,0000.0c9f.f00a; 0026.9822.8bc3,"Cisco Systems, Inc; Cisco Systems, Inc",MISSING_ARP,0000.0c9f.f00a; 0026.9822.8bc3,NO,WEAK,No ARP entries; the other endpoint data source still has entries
DDC1-USON-ASW1,420,USON_ENC_CITRIX03E,,,,,2,0,TRAFFIC_DETECTED,Po2,0000.0c9f.f00a; 0026.9822.8bc3,"Cisco Systems, Inc; Cisco Systems, Inc",MISSING_ARP,0000.0c9f.f00a; 0026.9822.8bc3,NO,WEAK,No ARP entries; the other endpoint data source still has entries
DDC1-USON-ASW1,426,USON_ENC_CITRIX04C,,,,,2,0,TRAFFIC_DETECTED,Po2,0000.0c9f.f00a; 0026.9822.8bc3,"Cisco Systems, Inc; Cisco Systems, Inc",MISSING_ARP,0000.0c9f.f00a; 0026.9822.8bc3,NO,WEAK,No ARP entries; the other endpoint data source still has entries
DDC1-USON-ASW1,427,USON_ENC_CITRIX04D,,,,,2,0,TRAFFIC_DETECTED,Po2,0000.0c9f.f00a; 0026.9822.8bc3,"Cisco Systems, Inc; Cisco Systems, Inc",MISSING_ARP,0000.0c9f.f00a; 0026.9822.8bc3,NO,WEAK,No ARP entries; the other endpoint data source still has entries
DDC1-USON-ASW1,428,USON_ENC_CITRIX04E,,,,,2,0,TRAFFIC_DETECTED,Po2,0000.0c9f.f00a; 0026.9822.8bc3,"Cisco Systems, Inc; Cisco Systems, Inc",MISSING_ARP,0000.0c9f.f00a; 0026.9822.8bc3,NO,WEAK,No ARP entries; the other endpoint data source still has entries
DDC1-USON-ASW1,432,USON_ENC_CITRIX05A,,,,,2,0,TRAFFIC_DETECTED,Po2,0000.0c9f.f00a; 0026.9822.8bc3,"Cisco Systems, Inc; Cisco Systems, Inc",MISSING_ARP,0000.0c9f.f00a; 0026.9822.8bc3,NO,WEAK,No ARP entries; the other endpoint data source still has entries
DDC1-USON-ASW1,433,USON_ENC_CITRIX05B,,,,,2,0,TRAFFIC_DETECTED,Po2,0000.0c9f.f00a; 0026.9822.8bc3,"Cisco Systems, Inc; Cisco Systems, Inc",MISSING_ARP,0000.0c9f.f00a; 0026.9822.8bc3,NO,WEAK,No ARP entries; the other endpoint data source still has entries
DDC1-USON-ASW1,434,USON_ENC_CITRIX05C,,,,,2,0,TRAFFIC_DETECTED,Po2,0000.0c9f.f00a; 0026.9822.8bc3,"Cisco Systems, Inc; Cisco Systems, Inc",MISSING_ARP,0000.0c9f.f00a; 0026.9822.8bc3,NO,WEAK,No ARP entries; the other endpoint data source still has entries
DDC1-USON-ASW1,435,USON_ENC_CITRIX05D,,,,,2,0,TRAFFIC_DETECTED,Po2,0000.0c9f.f00a; 0026.9822.8bc3,"Cisco Systems, Inc; Cisco Systems, Inc",MISSING_ARP,0000.0c9f.f00a; 0026.9822.8bc3,NO,WEAK,No ARP entries; the other endpoint data source still has entries
DDC1-USON-ASW1,436,USON_ENC_CITRIX05E,,,,,2,0,TRAFFIC_DETECTED,Po2,0000.0c9f.f00a; 0026.9822.8bc3,"Cisco Systems, Inc; Cisco Systems, Inc",MISSING_ARP,0000.0c9f.f00a; 0026.9822.8bc3,NO,WEAK,No ARP entries; the other endpoint data source still has entries
DDC1-USON-ASW1,440,USON_ENC_CITRIX06A,,,,,2,0,TRAFFIC_DETECTED,Po2,0000.0c9f.f00a; 0026.9822.8bc3,"Cisco Systems, Inc; Cisco Systems, Inc",MISSING_ARP,0000.0c9f.f00a; 0026.9822.8bc3,NO,WEAK,No ARP entries; the other endpoint data source still has entries
DDC1-USON-ASW1,442,USON_ENC_CITRIX06C,,,,,2,0,TRAFFIC_DETECTED,Po2,0000.0c9f.f00a; 0026.9822.8bc3,"Cisco Systems, Inc; Cisco Systems, Inc",MISSING_ARP,0000.0c9f.f00a; 0026.9822.8bc3,NO,WEAK,No ARP entries; the other endpoint data source still has entries
DDC1-USON-ASW1,443,USON_ENC_CITRIX06D,,,,,2,0,TRAFFIC_DETECTED,Po2,0000.0c9f.f00a; 0026.9822.8bc3,"Cisco Systems, Inc; Cisco Systems, Inc",MISSING_ARP,0000.0c9f.f00a; 0026.9822.8bc3,NO,WEAK,No ARP entries; the other endpoint data source still has entries
DDC1-USON-ASW1,444,USON_ENC_CITRIX06E,,,,,2,0,TRAFFIC_DETECTED,Po2,0000.0c9f.f00a; 0026.9822.8bc3,"Cisco Systems, Inc; Cisco Systems, Inc",MISSING_ARP,0000.0c9f.f00a; 0026.9822.8bc3,NO,WEAK,No ARP entries; the other endpoint data source still has entries
DDC1-USON-ASW1,448,USON_ENC_CITRIX07A,,,,,2,0,TRAFFIC_DETECTED,Po2,0000.0c9f.f00a; 0026.9822.8bc3,"Cisco Systems, Inc; Cisco Systems, Inc",MISSING_ARP,0000.0c9f.f00a; 0026.9822.8bc3,NO,WEAK,No ARP entries; the other endpoint data source still has entries
DDC1-USON-ASW1,449,USON_ENC_CITRIX07B,,,,,2,0,TRAFFIC_DETECTED,Po2,0000.0c9f.f00a; 0026.9822.8bc3,"Cisco Systems, Inc; Cisco Systems, Inc",MISSING_ARP,0000.0c9f.f00a; 0026.9822.8bc3,NO,WEAK,No ARP entries; the other endpoint data source still has entries
DDC1-USON-ASW1,450,USON_ENC_CITRIX07C,,,,,2,0,TRAFFIC_DETECTED,Po2,0000.0c9f.f00a; 0026.9822.8bc3,"Cisco Systems, Inc; Cisco Systems, Inc",MISSING_ARP,0000.0c9f.f00a; 0026.9822.8bc3,NO,WEAK,No ARP entries; the other endpoint data source still has entries
DDC1-USON-ASW1,451,USON_ENC_CITRIX07D,,,,,2,0,TRAFFIC_DETECTED,Po2,0000.0c9f.f00a; 0026.9822.8bc3,"Cisco Systems, Inc; Cisco Systems, Inc",MISSING_ARP,0000.0c9f.f00a; 0026.9822.8bc3,NO,WEAK,No ARP entries; the other endpoint data source still has entries
DDC1-USON-ASW1,452,USON_ENC_CITRIX07E,,,,,2,0,TRAFFIC_DETECTED,Po2,0000.0c9f.f00a; 0026.9822.8bc3,"Cisco Systems, Inc; Cisco Systems, Inc",MISSING_ARP,0000.0c9f.f00a; 0026.9822.8bc3,NO,WEAK,No ARP entries; the other endpoint data source still has entries
DDC1-USON-ASW1,456,USON_ENC_CITRIX08A,,,,,2,0,TRAFFIC_DETECTED,Po2,0000.0c9f.f00a; 0026.9822.8bc3,"Cisco Systems, Inc; Cisco Systems, Inc",MISSING_ARP,0000.0c9f.f00a; 0026.9822.8bc3,NO,WEAK,No ARP entries; the other endpoint data source still has entries
DDC1-USON-ASW1,457,USON_ENC_CITRIX08B,,,,,2,0,TRAFFIC_DETECTED,Po2,0000.0c9f.f00a; 0026.9822.8bc3,"Cisco Systems, Inc; Cisco Systems, Inc",MISSING_ARP,0000.0c9f.f00a; 0026.9822.8bc3,NO,WEAK,No ARP entries; the other endpoint data source still has entries
DDC1-USON-ASW1,458,USON_ENC_CITRIX08C,,,,,2,0,TRAFFIC_DETECTED,Po2,0000.0c9f.f00a; 0026.9822.8bc3,"Cisco Systems, Inc; Cisco Systems, Inc",MISSING_ARP,0000.0c9f.f00a; 0026.9822.8bc3,NO,WEAK,No ARP entries; the other endpoint data source still has entries
DDC1-USON-ASW1,459,USON_ENC_CITRIX08D,,,,,2,0,TRAFFIC_DETECTED,Po2,0000.0c9f.f00a; 0026.9822.8bc3,"Cisco Systems, Inc; Cisco Systems, Inc",MISSING_ARP,0000.0c9f.f00a; 0026.9822.8bc3,NO,WEAK,No ARP entries; the other endpoint data source still has entries
DDC1-USON-ASW1,461,USON_BAK,,,,,1,0,TRAFFIC_DETECTED,Po2,b40c.25e5.4045,Palo Alto Networks,MISSING_ARP,b40c.25e5.4045,NO,WEAK,No ARP entries; the other endpoint data source still has entries
DDC1-USON-ASW1,464,USON_ENC_CITRIX09A,,,,,2,0,TRAFFIC_DETECTED,Po2,0000.0c9f.f00a; 0026.9822.8bc3,"Cisco Systems, Inc; Cisco Systems, Inc",MISSING_ARP,0000.0c9f.f00a; 0026.9822.8bc3,NO,WEAK,No ARP entries; the other endpoint data source still has entries
DDC1-USON-ASW1,465,USON_ENC_CITRIX09B,,,,,2,0,TRAFFIC_DETECTED,Po2,0000.0c9f.f00a; 0026.9822.8bc3,"Cisco Systems, Inc; Cisco Systems, Inc",MISSING_ARP,0000.0c9f.f00a; 0026.9822.8bc3,NO,WEAK,No ARP entries; the other endpoint data source still has entries
DDC1-USON-ASW1,466,USON_ENC_CITRIX09C,,,,,2,0,TRAFFIC_DETECTED,Po2,0000.0c9f.f00a; 0026.9822.8bc3,"Cisco Systems, Inc; Cisco Systems, Inc",MISSING_ARP,0000.0c9f.f00a; 0026.9822.8bc3,NO,WEAK,No ARP entries; the other endpoint data source still has entries
DDC1-USON-ASW1,467,USON_ENC_CITRIX09D,,,,,2,0,TRAFFIC_DETECTED,Po2,0000.0c9f.f00a; 0026.9822.8bc3,"Cisco Systems, Inc; Cisco Systems, Inc",MISSING_ARP,0000.0c9f.f00a; 0026.9822.8bc3,NO,WEAK,No ARP entries; the other endpoint data source still has entries
DDC1-USON-ASW1,468,USON_ENC_CITRIX09E,,,,,2,0,TRAFFIC_DETECTED,Po2,0000.0c9f.f00a; 0026.9822.8bc3,"Cisco Systems, Inc; Cisco Systems, Inc",MISSING_ARP,0000.0c9f.f00a; 0026.9822.8bc3,NO,WEAK,No ARP entries; the other endpoint data source still has entries
DDC1-USON-ASW1,469,DDCDIDXTST01-hmc,,,,,0,0,TRAFFIC_UNAVAILABLE,Vlan469,,,NO_MACS,,NO,MODERATE,No MACs or ARPs; traffic could not be confirmed
DDC1-USON-ASW1,800,DDCDXPIDX-HMC,,,,,0,0,TRAFFIC_UNAVAILABLE,Vlan800,,,NO_MACS,,NO,MODERATE,No MACs or ARPs; traffic could not be confirmed
DDC1-USON-ASW1,3939,VM_non-routed-2,,,,,0,0,TRAFFIC_UNAVAILABLE,Vlan3939,,,NO_MACS,,NO,MODERATE,No MACs or ARPs; traffic could not be confirmed
DDC1-USON-ASW1,4092,VM_non-routed,,,,,2,0,TRAFFIC_DETECTED,Po1; Eth102/1/20,0017.a477.0824; e007.1bd0.1c98,Hewlett Packard; Hewlett Packard Enterprise,MISSING_ARP,0017.a477.0824; e007.1bd0.1c98,NO,WEAK,No ARP entries; the other endpoint data source still has entries
DDC1-USON-ASW2,1,default,,,,,2,0,TRAFFIC_DETECTED,Po2,1a2e.3af0.74dd; 4257.b8dc.d574,Locally administered/randomized MAC; Locally administered/randomized MAC,MISSING_ARP,1a2e.3af0.74dd; 4257.b8dc.d574,NO,WEAK,No ARP entries; the other endpoint data source still has entries
DDC1-USON-ASW2,110,USON_WEB1,,,,,2,0,TRAFFIC_DETECTED,Po2,0000.0c9f.f00a; 0026.9822.8bc3,"Cisco Systems, Inc; Cisco Systems, Inc",MISSING_ARP,0000.0c9f.f00a; 0026.9822.8bc3,NO,WEAK,No ARP entries; the other endpoint data source still has entries
DDC1-USON-ASW2,111,USON_WEB2,,,,,2,0,TRAFFIC_DETECTED,Po2,0000.0c9f.f00a; 0026.9822.8bc3,"Cisco Systems, Inc; Cisco Systems, Inc",MISSING_ARP,0000.0c9f.f00a; 0026.9822.8bc3,NO,WEAK,No ARP entries; the other endpoint data source still has entries
DDC1-USON-ASW2,118,USON_VMMGT,,,,,2,0,TRAFFIC_DETECTED,Po2,0000.0c9f.f00a; 0026.9822.8bc3,"Cisco Systems, Inc; Cisco Systems, Inc",MISSING_ARP,0000.0c9f.f00a; 0026.9822.8bc3,NO,WEAK,No ARP entries; the other endpoint data source still has entries
DDC1-USON-ASW2,119,USON_VMHB,,,,,2,0,TRAFFIC_DETECTED,Po2,0000.0c9f.f00a; 0026.9822.8bc3,"Cisco Systems, Inc; Cisco Systems, Inc",MISSING_ARP,0000.0c9f.f00a; 0026.9822.8bc3,NO,WEAK,No ARP entries; the other endpoint data source still has entries
DDC1-USON-ASW2,122,VM_VMOTION,,,,,2,0,TRAFFIC_DETECTED,Po2,0000.0c9f.f00a; 0026.9822.8bc3,"Cisco Systems, Inc; Cisco Systems, Inc",MISSING_ARP,0000.0c9f.f00a; 0026.9822.8bc3,NO,WEAK,No ARP entries; the other endpoint data source still has entries
DDC1-USON-ASW2,124,USON_JCAP_1,,,,,0,0,TRAFFIC_UNAVAILABLE,Vlan124,,,NO_MACS,,NO,MODERATE,No MACs or ARPs; traffic could not be confirmed
DDC1-USON-ASW2,125,USON_JCAP_2,,,,,0,0,TRAFFIC_UNAVAILABLE,Vlan125,,,NO_MACS,,NO,MODERATE,No MACs or ARPs; traffic could not be confirmed
DDC1-USON-ASW2,130,USON_AD_SEC,,,,,2,0,TRAFFIC_DETECTED,Po2,0000.0c9f.f00a; 0026.9822.8bc3,"Cisco Systems, Inc; Cisco Systems, Inc",MISSING_ARP,0000.0c9f.f00a; 0026.9822.8bc3,NO,WEAK,No ARP entries; the other endpoint data source still has entries
DDC1-USON-ASW2,132,DDC_CAJ2,,,,,2,0,TRAFFIC_DETECTED,Po2,0000.0c9f.f00a; 0026.9822.8bc3,"Cisco Systems, Inc; Cisco Systems, Inc",MISSING_ARP,0000.0c9f.f00a; 0026.9822.8bc3,NO,WEAK,No ARP entries; the other endpoint data source still has entries
DDC1-USON-ASW2,133,DDC_CAJ3,,,,,2,0,TRAFFIC_DETECTED,Po2,0000.0c9f.f00a; 0026.9822.8bc3,"Cisco Systems, Inc; Cisco Systems, Inc",MISSING_ARP,0000.0c9f.f00a; 0026.9822.8bc3,NO,WEAK,No ARP entries; the other endpoint data source still has entries
DDC1-USON-ASW2,136,USON_EXCHANGE_SEC,,,,,2,0,TRAFFIC_DETECTED,Po2,0000.0c9f.f00a; 0026.9822.8bc3,"Cisco Systems, Inc; Cisco Systems, Inc",MISSING_ARP,0000.0c9f.f00a; 0026.9822.8bc3,NO,WEAK,No ARP entries; the other endpoint data source still has entries
DDC1-USON-ASW2,137,USON_CITRIX_PRI,,,,,2,0,TRAFFIC_DETECTED,Po2,0000.0c9f.f00a; 0026.9822.8bc3,"Cisco Systems, Inc; Cisco Systems, Inc",MISSING_ARP,0000.0c9f.f00a; 0026.9822.8bc3,NO,WEAK,No ARP entries; the other endpoint data source still has entries
DDC1-USON-ASW2,138,USON_CITRIX_SEC,,,,,2,0,TRAFFIC_DETECTED,Po2,0000.0c9f.f00a; 0026.9822.8bc3,"Cisco Systems, Inc; Cisco Systems, Inc",MISSING_ARP,0000.0c9f.f00a; 0026.9822.8bc3,NO,WEAK,No ARP entries; the other endpoint data source still has entries
DDC1-USON-ASW2,139,USON_MELIO,,,,,2,0,TRAFFIC_DETECTED,Po2,0000.0c9f.f00a; 0026.9822.8bc3,"Cisco Systems, Inc; Cisco Systems, Inc",MISSING_ARP,0000.0c9f.f00a; 0026.9822.8bc3,NO,WEAK,No ARP entries; the other endpoint data source still has entries
DDC1-USON-ASW2,140,USON_CITRIX_PVS1,,,,,2,0,TRAFFIC_DETECTED,Po2,0000.0c9f.f00a; 0026.9822.8bc3,"Cisco Systems, Inc; Cisco Systems, Inc",MISSING_ARP,0000.0c9f.f00a; 0026.9822.8bc3,NO,WEAK,No ARP entries; the other endpoint data source still has entries
DDC1-USON-ASW2,141,USON_CITRIX_PVS2,,,,,2,0,TRAFFIC_DETECTED,Po2,0000.0c9f.f00a; 0026.9822.8bc3,"Cisco Systems, Inc; Cisco Systems, Inc",MISSING_ARP,0000.0c9f.f00a; 0026.9822.8bc3,NO,WEAK,No ARP entries; the other endpoint data source still has entries
DDC1-USON-ASW2,144,USON_SQL,,,,,2,0,TRAFFIC_DETECTED,Po2,0000.0c9f.f00a; 0026.9822.8bc3,"Cisco Systems, Inc; Cisco Systems, Inc",MISSING_ARP,0000.0c9f.f00a; 0026.9822.8bc3,NO,WEAK,No ARP entries; the other endpoint data source still has entries
DDC1-USON-ASW2,301,USON_DMZ_TMP1,,,,,0,0,TRAFFIC_UNAVAILABLE,Vlan301,,,NO_MACS,,YES,NONE,STP root bridge; do not recommend shutdown without topology review
DDC1-USON-ASW2,302,USON_DMZ_TMP2,,,,,0,0,TRAFFIC_UNAVAILABLE,Vlan302,,,NO_MACS,,YES,NONE,STP root bridge; do not recommend shutdown without topology review
DDC1-USON-ASW2,402,USON_ENC_CITRIX01C,,,,,2,0,TRAFFIC_DETECTED,Po2,0000.0c9f.f00a; 0026.9822.8bc3,"Cisco Systems, Inc; Cisco Systems, Inc",MISSING_ARP,0000.0c9f.f00a; 0026.9822.8bc3,NO,WEAK,No ARP entries; the other endpoint data source still has entries
DDC1-USON-ASW2,404,USON_ENC_CITRIX01E,,,,,2,0,TRAFFIC_DETECTED,Po2,0000.0c9f.f00a; 0026.9822.8bc3,"Cisco Systems, Inc; Cisco Systems, Inc",MISSING_ARP,0000.0c9f.f00a; 0026.9822.8bc3,NO,WEAK,No ARP entries; the other endpoint data source still has entries
DDC1-USON-ASW2,408,USON_ENC_CITRIX02A,,,,,2,0,TRAFFIC_DETECTED,Po2,0000.0c9f.f00a; 0026.9822.8bc3,"Cisco Systems, Inc; Cisco Systems, Inc",MISSING_ARP,0000.0c9f.f00a; 0026.9822.8bc3,NO,WEAK,No ARP entries; the other endpoint data source still has entries
DDC1-USON-ASW2,409,USON_ENC_CITRIX02B,,,,,2,0,TRAFFIC_DETECTED,Po2,0000.0c9f.f00a; 0026.9822.8bc3,"Cisco Systems, Inc; Cisco Systems, Inc",MISSING_ARP,0000.0c9f.f00a; 0026.9822.8bc3,NO,WEAK,No ARP entries; the other endpoint data source still has entries
DDC1-USON-ASW2,410,USON_ENC_CITRIX02C,,,,,2,0,TRAFFIC_DETECTED,Po2,0000.0c9f.f00a; 0026.9822.8bc3,"Cisco Systems, Inc; Cisco Systems, Inc",MISSING_ARP,0000.0c9f.f00a; 0026.9822.8bc3,NO,WEAK,No ARP entries; the other endpoint data source still has entries
DDC1-USON-ASW2,412,USON_ENC_CITRIX02E,,,,,2,0,TRAFFIC_DETECTED,Po2,0000.0c9f.f00a; 0026.9822.8bc3,"Cisco Systems, Inc; Cisco Systems, Inc",MISSING_ARP,0000.0c9f.f00a; 0026.9822.8bc3,NO,WEAK,No ARP entries; the other endpoint data source still has entries
DDC1-USON-ASW2,415,Kurt-VLAN,,,,,2,0,TRAFFIC_DETECTED,Po2,0000.0c9f.f00a; 0026.9822.8bc3,"Cisco Systems, Inc; Cisco Systems, Inc",MISSING_ARP,0000.0c9f.f00a; 0026.9822.8bc3,NO,WEAK,No ARP entries; the other endpoint data source still has entries
DDC1-USON-ASW2,416,USON_ENC_CITRIX03A,,,,,2,0,TRAFFIC_DETECTED,Po2,0000.0c9f.f00a; 0026.9822.8bc3,"Cisco Systems, Inc; Cisco Systems, Inc",MISSING_ARP,0000.0c9f.f00a; 0026.9822.8bc3,NO,WEAK,No ARP entries; the other endpoint data source still has entries
DDC1-USON-ASW2,418,USON_ENC_CITRIX03C,,,,,2,0,TRAFFIC_DETECTED,Po2,0000.0c9f.f00a; 0026.9822.8bc3,"Cisco Systems, Inc; Cisco Systems, Inc",MISSING_ARP,0000.0c9f.f00a; 0026.9822.8bc3,NO,WEAK,No ARP entries; the other endpoint data source still has entries
DDC1-USON-ASW2,420,USON_ENC_CITRIX03E,,,,,2,0,TRAFFIC_DETECTED,Po2,0000.0c9f.f00a; 0026.9822.8bc3,"Cisco Systems, Inc; Cisco Systems, Inc",MISSING_ARP,0000.0c9f.f00a; 0026.9822.8bc3,NO,WEAK,No ARP entries; the other endpoint data source still has entries
DDC1-USON-ASW2,426,USON_ENC_CITRIX04C,,,,,2,0,TRAFFIC_DETECTED,Po2,0000.0c9f.f00a; 0026.9822.8bc3,"Cisco Systems, Inc; Cisco Systems, Inc",MISSING_ARP,0000.0c9f.f00a; 0026.9822.8bc3,NO,WEAK,No ARP entries; the other endpoint data source still has entries
DDC1-USON-ASW2,427,USON_ENC_CITRIX04D,,,,,2,0,TRAFFIC_DETECTED,Po2,0000.0c9f.f00a; 0026.9822.8bc3,"Cisco Systems, Inc; Cisco Systems, Inc",MISSING_ARP,0000.0c9f.f00a; 0026.9822.8bc3,NO,WEAK,No ARP entries; the other endpoint data source still has entries
DDC1-USON-ASW2,428,USON_ENC_CITRIX04E,,,,,2,0,TRAFFIC_DETECTED,Po2,0000.0c9f.f00a; 0026.9822.8bc3,"Cisco Systems, Inc; Cisco Systems, Inc",MISSING_ARP,0000.0c9f.f00a; 0026.9822.8bc3,NO,WEAK,No ARP entries; the other endpoint data source still has entries
DDC1-USON-ASW2,432,USON_ENC_CITRIX05A,,,,,2,0,TRAFFIC_DETECTED,Po2,0000.0c9f.f00a; 0026.9822.8bc3,"Cisco Systems, Inc; Cisco Systems, Inc",MISSING_ARP,0000.0c9f.f00a; 0026.9822.8bc3,NO,WEAK,No ARP entries; the other endpoint data source still has entries
DDC1-USON-ASW2,433,USON_ENC_CITRIX05B,,,,,2,0,TRAFFIC_DETECTED,Po2,0000.0c9f.f00a; 0026.9822.8bc3,"Cisco Systems, Inc; Cisco Systems, Inc",MISSING_ARP,0000.0c9f.f00a; 0026.9822.8bc3,NO,WEAK,No ARP entries; the other endpoint data source still has entries
DDC1-USON-ASW2,434,USON_ENC_CITRIX05C,,,,,2,0,TRAFFIC_DETECTED,Po2,0000.0c9f.f00a; 0026.9822.8bc3,"Cisco Systems, Inc; Cisco Systems, Inc",MISSING_ARP,0000.0c9f.f00a; 0026.9822.8bc3,NO,WEAK,No ARP entries; the other endpoint data source still has entries
DDC1-USON-ASW2,435,USON_ENC_CITRIX05D,,,,,2,0,TRAFFIC_DETECTED,Po2,0000.0c9f.f00a; 0026.9822.8bc3,"Cisco Systems, Inc; Cisco Systems, Inc",MISSING_ARP,0000.0c9f.f00a; 0026.9822.8bc3,NO,WEAK,No ARP entries; the other endpoint data source still has entries
DDC1-USON-ASW2,436,USON_ENC_CITRIX05E,,,,,2,0,TRAFFIC_DETECTED,Po2,0000.0c9f.f00a; 0026.9822.8bc3,"Cisco Systems, Inc; Cisco Systems, Inc",MISSING_ARP,0000.0c9f.f00a; 0026.9822.8bc3,NO,WEAK,No ARP entries; the other endpoint data source still has entries
DDC1-USON-ASW2,440,USON_ENC_CITRIX06A,,,,,2,0,TRAFFIC_DETECTED,Po2,0000.0c9f.f00a; 0026.9822.8bc3,"Cisco Systems, Inc; Cisco Systems, Inc",MISSING_ARP,0000.0c9f.f00a; 0026.9822.8bc3,NO,WEAK,No ARP entries; the other endpoint data source still has entries
DDC1-USON-ASW2,442,USON_ENC_CITRIX06C,,,,,2,0,TRAFFIC_DETECTED,Po2,0000.0c9f.f00a; 0026.9822.8bc3,"Cisco Systems, Inc; Cisco Systems, Inc",MISSING_ARP,0000.0c9f.f00a; 0026.9822.8bc3,NO,WEAK,No ARP entries; the other endpoint data source still has entries
DDC1-USON-ASW2,443,USON_ENC_CITRIX06D,,,,,2,0,TRAFFIC_DETECTED,Po2,0000.0c9f.f00a; 0026.9822.8bc3,"Cisco Systems, Inc; Cisco Systems, Inc",MISSING_ARP,0000.0c9f.f00a; 0026.9822.8bc3,NO,WEAK,No ARP entries; the other endpoint data source still has entries
DDC1-USON-ASW2,444,USON_ENC_CITRIX06E,,,,,2,0,TRAFFIC_DETECTED,Po2,0000.0c9f.f00a; 0026.9822.8bc3,"Cisco Systems, Inc; Cisco Systems, Inc",MISSING_ARP,0000.0c9f.f00a; 0026.9822.8bc3,NO,WEAK,No ARP entries; the other endpoint data source still has entries
DDC1-USON-ASW2,448,USON_ENC_CITRIX07A,,,,,2,0,TRAFFIC_DETECTED,Po2,0000.0c9f.f00a; 0026.9822.8bc3,"Cisco Systems, Inc; Cisco Systems, Inc",MISSING_ARP,0000.0c9f.f00a; 0026.9822.8bc3,NO,WEAK,No ARP entries; the other endpoint data source still has entries
DDC1-USON-ASW2,449,USON_ENC_CITRIX07B,,,,,2,0,TRAFFIC_DETECTED,Po2,0000.0c9f.f00a; 0026.9822.8bc3,"Cisco Systems, Inc; Cisco Systems, Inc",MISSING_ARP,0000.0c9f.f00a; 0026.9822.8bc3,NO,WEAK,No ARP entries; the other endpoint data source still has entries
DDC1-USON-ASW2,450,USON_ENC_CITRIX07C,,,,,2,0,TRAFFIC_DETECTED,Po2,0000.0c9f.f00a; 0026.9822.8bc3,"Cisco Systems, Inc; Cisco Systems, Inc",MISSING_ARP,0000.0c9f.f00a; 0026.9822.8bc3,NO,WEAK,No ARP entries; the other endpoint data source still has entries
DDC1-USON-ASW2,451,USON_ENC_CITRIX07D,,,,,2,0,TRAFFIC_DETECTED,Po2,0000.0c9f.f00a; 0026.9822.8bc3,"Cisco Systems, Inc; Cisco Systems, Inc",MISSING_ARP,0000.0c9f.f00a; 0026.9822.8bc3,NO,WEAK,No ARP entries; the other endpoint data source still has entries
DDC1-USON-ASW2,452,USON_ENC_CITRIX07E,,,,,2,0,TRAFFIC_DETECTED,Po2,0000.0c9f.f00a; 0026.9822.8bc3,"Cisco Systems, Inc; Cisco Systems, Inc",MISSING_ARP,0000.0c9f.f00a; 0026.9822.8bc3,NO,WEAK,No ARP entries; the other endpoint data source still has entries
DDC1-USON-ASW2,456,USON_ENC_CITRIX08A,,,,,2,0,TRAFFIC_DETECTED,Po2,0000.0c9f.f00a; 0026.9822.8bc3,"Cisco Systems, Inc; Cisco Systems, Inc",MISSING_ARP,0000.0c9f.f00a; 0026.9822.8bc3,NO,WEAK,No ARP entries; the other endpoint data source still has entries
DDC1-USON-ASW2,457,USON_ENC_CITRIX08B,,,,,2,0,TRAFFIC_DETECTED,Po2,0000.0c9f.f00a; 0026.9822.8bc3,"Cisco Systems, Inc; Cisco Systems, Inc",MISSING_ARP,0000.0c9f.f00a; 0026.9822.8bc3,NO,WEAK,No ARP entries; the other endpoint data source still has entries
DDC1-USON-ASW2,458,USON_ENC_CITRIX08C,,,,,2,0,TRAFFIC_DETECTED,Po2,0000.0c9f.f00a; 0026.9822.8bc3,"Cisco Systems, Inc; Cisco Systems, Inc",MISSING_ARP,0000.0c9f.f00a; 0026.9822.8bc3,NO,WEAK,No ARP entries; the other endpoint data source still has entries
DDC1-USON-ASW2,459,USON_ENC_CITRIX08D,,,,,2,0,TRAFFIC_DETECTED,Po2,0000.0c9f.f00a; 0026.9822.8bc3,"Cisco Systems, Inc; Cisco Systems, Inc",MISSING_ARP,0000.0c9f.f00a; 0026.9822.8bc3,NO,WEAK,No ARP entries; the other endpoint data source still has entries
DDC1-USON-ASW2,461,USON_BAK,,,,,1,0,TRAFFIC_DETECTED,Po2,b40c.25e5.4045,Palo Alto Networks,MISSING_ARP,b40c.25e5.4045,NO,WEAK,No ARP entries; the other endpoint data source still has entries
DDC1-USON-ASW2,464,USON_ENC_CITRIX09A,,,,,2,0,TRAFFIC_DETECTED,Po2,0000.0c9f.f00a; 0026.9822.8bc3,"Cisco Systems, Inc; Cisco Systems, Inc",MISSING_ARP,0000.0c9f.f00a; 0026.9822.8bc3,NO,WEAK,No ARP entries; the other endpoint data source still has entries
DDC1-USON-ASW2,465,USON_ENC_CITRIX09B,,,,,2,0,TRAFFIC_DETECTED,Po2,0000.0c9f.f00a; 0026.9822.8bc3,"Cisco Systems, Inc; Cisco Systems, Inc",MISSING_ARP,0000.0c9f.f00a; 0026.9822.8bc3,NO,WEAK,No ARP entries; the other endpoint data source still has entries
DDC1-USON-ASW2,466,USON_ENC_CITRIX09C,,,,,2,0,TRAFFIC_DETECTED,Po2,0000.0c9f.f00a; 0026.9822.8bc3,"Cisco Systems, Inc; Cisco Systems, Inc",MISSING_ARP,0000.0c9f.f00a; 0026.9822.8bc3,NO,WEAK,No ARP entries; the other endpoint data source still has entries
DDC1-USON-ASW2,467,USON_ENC_CITRIX09D,,,,,2,0,TRAFFIC_DETECTED,Po2,0000.0c9f.f00a; 0026.9822.8bc3,"Cisco Systems, Inc; Cisco Systems, Inc",MISSING_ARP,0000.0c9f.f00a; 0026.9822.8bc3,NO,WEAK,No ARP entries; the other endpoint data source still has entries
DDC1-USON-ASW2,468,USON_ENC_CITRIX09E,,,,,2,0,TRAFFIC_DETECTED,Po2,0000.0c9f.f00a; 0026.9822.8bc3,"Cisco Systems, Inc; Cisco Systems, Inc",MISSING_ARP,0000.0c9f.f00a; 0026.9822.8bc3,NO,WEAK,No ARP entries; the other endpoint data source still has entries
DDC1-USON-ASW2,469,DDCDIDXTST01-hmc,,,,,0,0,TRAFFIC_UNAVAILABLE,Vlan469,,,NO_MACS,,NO,MODERATE,No MACs or ARPs; traffic could not be confirmed
DDC1-USON-ASW2,800,DDCDXPIDX-HMC,,,,,0,0,TRAFFIC_UNAVAILABLE,Vlan800,,,NO_MACS,,NO,MODERATE,No MACs or ARPs; traffic could not be confirmed
DDC1-USON-ASW2,3939,VM_non-routed-2,,,,,0,0,TRAFFIC_UNAVAILABLE,Vlan3939,,,NO_MACS,,NO,MODERATE,No MACs or ARPs; traffic could not be confirmed
DDC1-USON-ASW3,1,default,,547f.ee02.3a41,"Cisco Systems, Inc",,2,0,TRAFFIC_DETECTED,Po2,1a2e.3af0.74dd; 4257.b8dc.d574,Locally administered/randomized MAC; Locally administered/randomized MAC,MISSING_ARP,1a2e.3af0.74dd; 4257.b8dc.d574,NO,WEAK,No ARP entries; the other endpoint data source still has entries
DDC1-USON-ASW3,110,USON_WEB1,,,,,2,0,TRAFFIC_DETECTED,Po2,0000.0c9f.f00a; 0026.9822.8bc3,"Cisco Systems, Inc; Cisco Systems, Inc",MISSING_ARP,0000.0c9f.f00a; 0026.9822.8bc3,NO,WEAK,No ARP entries; the other endpoint data source still has entries
DDC1-USON-ASW3,116,USON_VSERVER1,,,,,2,0,TRAFFIC_DETECTED,Po2,0000.0c9f.f00a; 0026.9822.8bc3,"Cisco Systems, Inc; Cisco Systems, Inc",MISSING_ARP,0000.0c9f.f00a; 0026.9822.8bc3,NO,WEAK,No ARP entries; the other endpoint data source still has entries
DDC1-USON-ASW3,124,USON_JCAP_1,,,,,0,0,TRAFFIC_UNAVAILABLE,Vlan124,,,NO_MACS,,NO,MODERATE,No MACs or ARPs; traffic could not be confirmed
DDC1-USON-ASW3,125,USON_JCAP_2,,,,,0,0,TRAFFIC_UNAVAILABLE,Vlan125,,,NO_MACS,,NO,MODERATE,No MACs or ARPs; traffic could not be confirmed
DDC1-USON-ASW3,130,USON_AD_SEC,,,,,2,0,TRAFFIC_DETECTED,Po2,0000.0c9f.f00a; 0026.9822.8bc3,"Cisco Systems, Inc; Cisco Systems, Inc",MISSING_ARP,0000.0c9f.f00a; 0026.9822.8bc3,NO,WEAK,No ARP entries; the other endpoint data source still has entries
DDC1-USON-ASW3,137,USON_CITRIX_PRI,,,,,2,0,TRAFFIC_DETECTED,Po2,0000.0c9f.f00a; 0026.9822.8bc3,"Cisco Systems, Inc; Cisco Systems, Inc",MISSING_ARP,0000.0c9f.f00a; 0026.9822.8bc3,NO,WEAK,No ARP entries; the other endpoint data source still has entries
DDC1-USON-ASW3,138,USON_CITRIX_SEC,,,,,2,0,TRAFFIC_DETECTED,Po2,0000.0c9f.f00a; 0026.9822.8bc3,"Cisco Systems, Inc; Cisco Systems, Inc",MISSING_ARP,0000.0c9f.f00a; 0026.9822.8bc3,NO,WEAK,No ARP entries; the other endpoint data source still has entries
DDC1-USON-ASW3,139,USON_MELIO,,,,,2,0,TRAFFIC_DETECTED,Po2,0000.0c9f.f00a; 0026.9822.8bc3,"Cisco Systems, Inc; Cisco Systems, Inc",MISSING_ARP,0000.0c9f.f00a; 0026.9822.8bc3,NO,WEAK,No ARP entries; the other endpoint data source still has entries
DDC1-USON-ASW3,140,USON_CITRIX_PVS1,,,,,2,0,TRAFFIC_DETECTED,Po2,0000.0c9f.f00a; 0026.9822.8bc3,"Cisco Systems, Inc; Cisco Systems, Inc",MISSING_ARP,0000.0c9f.f00a; 0026.9822.8bc3,NO,WEAK,No ARP entries; the other endpoint data source still has entries
DDC1-USON-ASW3,141,USON_CITRIX_PVS2,,,,,2,0,TRAFFIC_DETECTED,Po2,0000.0c9f.f00a; 0026.9822.8bc3,"Cisco Systems, Inc; Cisco Systems, Inc",MISSING_ARP,0000.0c9f.f00a; 0026.9822.8bc3,NO,WEAK,No ARP entries; the other endpoint data source still has entries
DDC1-USON-ASW3,144,USON_SQL,,,,,2,0,TRAFFIC_DETECTED,Po2,0000.0c9f.f00a; 0026.9822.8bc3,"Cisco Systems, Inc; Cisco Systems, Inc",MISSING_ARP,0000.0c9f.f00a; 0026.9822.8bc3,NO,WEAK,No ARP entries; the other endpoint data source still has entries
DDC1-USON-ASW3,301,USON_DMZ_TMP1,,,,,0,0,TRAFFIC_UNAVAILABLE,Vlan301,,,NO_MACS,,YES,NONE,STP root bridge; do not recommend shutdown without topology review
DDC1-USON-ASW3,302,USON_DMZ_TMP2,,,,,0,0,TRAFFIC_UNAVAILABLE,Vlan302,,,NO_MACS,,YES,NONE,STP root bridge; do not recommend shutdown without topology review
DDC1-USON-ASW3,402,USON_ENC_CITRIX01C,,,,,2,0,TRAFFIC_DETECTED,Po2,0000.0c9f.f00a; 0026.9822.8bc3,"Cisco Systems, Inc; Cisco Systems, Inc",MISSING_ARP,0000.0c9f.f00a; 0026.9822.8bc3,NO,WEAK,No ARP entries; the other endpoint data source still has entries
DDC1-USON-ASW3,404,USON_ENC_CITRIX01E,,,,,2,0,TRAFFIC_DETECTED,Po2,0000.0c9f.f00a; 0026.9822.8bc3,"Cisco Systems, Inc; Cisco Systems, Inc",MISSING_ARP,0000.0c9f.f00a; 0026.9822.8bc3,NO,WEAK,No ARP entries; the other endpoint data source still has entries
DDC1-USON-ASW3,408,USON_ENC_CITRIX02A,,,,,2,0,TRAFFIC_DETECTED,Po2,0000.0c9f.f00a; 0026.9822.8bc3,"Cisco Systems, Inc; Cisco Systems, Inc",MISSING_ARP,0000.0c9f.f00a; 0026.9822.8bc3,NO,WEAK,No ARP entries; the other endpoint data source still has entries
DDC1-USON-ASW3,409,USON_ENC_CITRIX02B,,,,,2,0,TRAFFIC_DETECTED,Po2,0000.0c9f.f00a; 0026.9822.8bc3,"Cisco Systems, Inc; Cisco Systems, Inc",MISSING_ARP,0000.0c9f.f00a; 0026.9822.8bc3,NO,WEAK,No ARP entries; the other endpoint data source still has entries
DDC1-USON-ASW3,410,USON_ENC_CITRIX02C,,,,,2,0,TRAFFIC_DETECTED,Po2,0000.0c9f.f00a; 0026.9822.8bc3,"Cisco Systems, Inc; Cisco Systems, Inc",MISSING_ARP,0000.0c9f.f00a; 0026.9822.8bc3,NO,WEAK,No ARP entries; the other endpoint data source still has entries
DDC1-USON-ASW3,412,USON_ENC_CITRIX02E,,,,,2,0,TRAFFIC_DETECTED,Po2,0000.0c9f.f00a; 0026.9822.8bc3,"Cisco Systems, Inc; Cisco Systems, Inc",MISSING_ARP,0000.0c9f.f00a; 0026.9822.8bc3,NO,WEAK,No ARP entries; the other endpoint data source still has entries
DDC1-USON-ASW3,416,USON_ENC_CITRIX03A,,,,,2,0,TRAFFIC_DETECTED,Po2,0000.0c9f.f00a; 0026.9822.8bc3,"Cisco Systems, Inc; Cisco Systems, Inc",MISSING_ARP,0000.0c9f.f00a; 0026.9822.8bc3,NO,WEAK,No ARP entries; the other endpoint data source still has entries
DDC1-USON-ASW3,417,USON_ENC_CITRIX03B,,,,,2,0,TRAFFIC_DETECTED,Po2,0000.0c9f.f00a; 0026.9822.8bc3,"Cisco Systems, Inc; Cisco Systems, Inc",MISSING_ARP,0000.0c9f.f00a; 0026.9822.8bc3,NO,WEAK,No ARP entries; the other endpoint data source still has entries
DDC1-USON-ASW3,420,USON_ENC_CITRIX03E,,,,,2,0,TRAFFIC_DETECTED,Po2,0000.0c9f.f00a; 0026.9822.8bc3,"Cisco Systems, Inc; Cisco Systems, Inc",MISSING_ARP,0000.0c9f.f00a; 0026.9822.8bc3,NO,WEAK,No ARP entries; the other endpoint data source still has entries
DDC1-USON-ASW3,424,USON_ENC_CITRIX04A,,,,,2,0,TRAFFIC_DETECTED,Po2,0000.0c9f.f00a; 0026.9822.8bc3,"Cisco Systems, Inc; Cisco Systems, Inc",MISSING_ARP,0000.0c9f.f00a; 0026.9822.8bc3,NO,WEAK,No ARP entries; the other endpoint data source still has entries
DDC1-USON-ASW3,425,USON_ENC_CITRIX04B,,,,,2,0,TRAFFIC_DETECTED,Po2,0000.0c9f.f00a; 0026.9822.8bc3,"Cisco Systems, Inc; Cisco Systems, Inc",MISSING_ARP,0000.0c9f.f00a; 0026.9822.8bc3,NO,WEAK,No ARP entries; the other endpoint data source still has entries
DDC1-USON-ASW3,426,USON_ENC_CITRIX04C,,,,,2,0,TRAFFIC_DETECTED,Po2,0000.0c9f.f00a; 0026.9822.8bc3,"Cisco Systems, Inc; Cisco Systems, Inc",MISSING_ARP,0000.0c9f.f00a; 0026.9822.8bc3,NO,WEAK,No ARP entries; the other endpoint data source still has entries
DDC1-USON-ASW3,427,USON_ENC_CITRIX04D,,,,,2,0,TRAFFIC_DETECTED,Po2,0000.0c9f.f00a; 0026.9822.8bc3,"Cisco Systems, Inc; Cisco Systems, Inc",MISSING_ARP,0000.0c9f.f00a; 0026.9822.8bc3,NO,WEAK,No ARP entries; the other endpoint data source still has entries
DDC1-USON-ASW3,428,USON_ENC_CITRIX04E,,,,,2,0,TRAFFIC_DETECTED,Po2,0000.0c9f.f00a; 0026.9822.8bc3,"Cisco Systems, Inc; Cisco Systems, Inc",MISSING_ARP,0000.0c9f.f00a; 0026.9822.8bc3,NO,WEAK,No ARP entries; the other endpoint data source still has entries
DDC1-USON-ASW3,432,USON_ENC_CITRIX05A,,,,,2,0,TRAFFIC_DETECTED,Po2,0000.0c9f.f00a; 0026.9822.8bc3,"Cisco Systems, Inc; Cisco Systems, Inc",MISSING_ARP,0000.0c9f.f00a; 0026.9822.8bc3,NO,WEAK,No ARP entries; the other endpoint data source still has entries
DDC1-USON-ASW3,433,USON_ENC_CITRIX05B,,,,,2,0,TRAFFIC_DETECTED,Po2,0000.0c9f.f00a; 0026.9822.8bc3,"Cisco Systems, Inc; Cisco Systems, Inc",MISSING_ARP,0000.0c9f.f00a; 0026.9822.8bc3,NO,WEAK,No ARP entries; the other endpoint data source still has entries
DDC1-USON-ASW3,434,USON_ENC_CITRIX05C,,,,,2,0,TRAFFIC_DETECTED,Po2,0000.0c9f.f00a; 0026.9822.8bc3,"Cisco Systems, Inc; Cisco Systems, Inc",MISSING_ARP,0000.0c9f.f00a; 0026.9822.8bc3,NO,WEAK,No ARP entries; the other endpoint data source still has entries
DDC1-USON-ASW3,435,USON_ENC_CITRIX05D,,,,,2,0,TRAFFIC_DETECTED,Po2,0000.0c9f.f00a; 0026.9822.8bc3,"Cisco Systems, Inc; Cisco Systems, Inc",MISSING_ARP,0000.0c9f.f00a; 0026.9822.8bc3,NO,WEAK,No ARP entries; the other endpoint data source still has entries
DDC1-USON-ASW3,436,USON_ENC_CITRIX05E,,,,,2,0,TRAFFIC_DETECTED,Po2,0000.0c9f.f00a; 0026.9822.8bc3,"Cisco Systems, Inc; Cisco Systems, Inc",MISSING_ARP,0000.0c9f.f00a; 0026.9822.8bc3,NO,WEAK,No ARP entries; the other endpoint data source still has entries
DDC1-USON-ASW3,440,USON_ENC_CITRIX06A,,,,,2,0,TRAFFIC_DETECTED,Po2,0000.0c9f.f00a; 0026.9822.8bc3,"Cisco Systems, Inc; Cisco Systems, Inc",MISSING_ARP,0000.0c9f.f00a; 0026.9822.8bc3,NO,WEAK,No ARP entries; the other endpoint data source still has entries
DDC1-USON-ASW3,442,USON_ENC_CITRIX06C,,,,,2,0,TRAFFIC_DETECTED,Po2,0000.0c9f.f00a; 0026.9822.8bc3,"Cisco Systems, Inc; Cisco Systems, Inc",MISSING_ARP,0000.0c9f.f00a; 0026.9822.8bc3,NO,WEAK,No ARP entries; the other endpoint data source still has entries
DDC1-USON-ASW3,443,USON_ENC_CITRIX06D,,,,,2,0,TRAFFIC_DETECTED,Po2,0000.0c9f.f00a; 0026.9822.8bc3,"Cisco Systems, Inc; Cisco Systems, Inc",MISSING_ARP,0000.0c9f.f00a; 0026.9822.8bc3,NO,WEAK,No ARP entries; the other endpoint data source still has entries
DDC1-USON-ASW3,444,USON_ENC_CITRIX06E,,,,,2,0,TRAFFIC_DETECTED,Po2,0000.0c9f.f00a; 0026.9822.8bc3,"Cisco Systems, Inc; Cisco Systems, Inc",MISSING_ARP,0000.0c9f.f00a; 0026.9822.8bc3,NO,WEAK,No ARP entries; the other endpoint data source still has entries
DDC1-USON-ASW3,448,USON_ENC_CITRIX07A,,,,,2,0,TRAFFIC_DETECTED,Po2,0000.0c9f.f00a; 0026.9822.8bc3,"Cisco Systems, Inc; Cisco Systems, Inc",MISSING_ARP,0000.0c9f.f00a; 0026.9822.8bc3,NO,WEAK,No ARP entries; the other endpoint data source still has entries
DDC1-USON-ASW3,449,USON_ENC_CITRIX07B,,,,,2,0,TRAFFIC_DETECTED,Po2,0000.0c9f.f00a; 0026.9822.8bc3,"Cisco Systems, Inc; Cisco Systems, Inc",MISSING_ARP,0000.0c9f.f00a; 0026.9822.8bc3,NO,WEAK,No ARP entries; the other endpoint data source still has entries
DDC1-USON-ASW3,450,USON_ENC_CITRIX07C,,,,,2,0,TRAFFIC_DETECTED,Po2,0000.0c9f.f00a; 0026.9822.8bc3,"Cisco Systems, Inc; Cisco Systems, Inc",MISSING_ARP,0000.0c9f.f00a; 0026.9822.8bc3,NO,WEAK,No ARP entries; the other endpoint data source still has entries
DDC1-USON-ASW3,451,USON_ENC_CITRIX07D,,,,,2,0,TRAFFIC_DETECTED,Po2,0000.0c9f.f00a; 0026.9822.8bc3,"Cisco Systems, Inc; Cisco Systems, Inc",MISSING_ARP,0000.0c9f.f00a; 0026.9822.8bc3,NO,WEAK,No ARP entries; the other endpoint data source still has entries
DDC1-USON-ASW3,452,USON_ENC_CITRIX07E,,,,,2,0,TRAFFIC_DETECTED,Po2,0000.0c9f.f00a; 0026.9822.8bc3,"Cisco Systems, Inc; Cisco Systems, Inc",MISSING_ARP,0000.0c9f.f00a; 0026.9822.8bc3,NO,WEAK,No ARP entries; the other endpoint data source still has entries
DDC1-USON-ASW3,456,USON_ENC_CITRIX08A,,,,,2,0,TRAFFIC_DETECTED,Po2,0000.0c9f.f00a; 0026.9822.8bc3,"Cisco Systems, Inc; Cisco Systems, Inc",MISSING_ARP,0000.0c9f.f00a; 0026.9822.8bc3,NO,WEAK,No ARP entries; the other endpoint data source still has entries
DDC1-USON-ASW3,457,USON_ENC_CITRIX08B,,,,,2,0,TRAFFIC_DETECTED,Po2,0000.0c9f.f00a; 0026.9822.8bc3,"Cisco Systems, Inc; Cisco Systems, Inc",MISSING_ARP,0000.0c9f.f00a; 0026.9822.8bc3,NO,WEAK,No ARP entries; the other endpoint data source still has entries
DDC1-USON-ASW3,458,USON_ENC_CITRIX08C,,,,,2,0,TRAFFIC_DETECTED,Po2,0000.0c9f.f00a; 0026.9822.8bc3,"Cisco Systems, Inc; Cisco Systems, Inc",MISSING_ARP,0000.0c9f.f00a; 0026.9822.8bc3,NO,WEAK,No ARP entries; the other endpoint data source still has entries
DDC1-USON-ASW3,459,USON_ENC_CITRIX08D,,,,,2,0,TRAFFIC_DETECTED,Po2,0000.0c9f.f00a; 0026.9822.8bc3,"Cisco Systems, Inc; Cisco Systems, Inc",MISSING_ARP,0000.0c9f.f00a; 0026.9822.8bc3,NO,WEAK,No ARP entries; the other endpoint data source still has entries
DDC1-USON-ASW3,461,USON_BAK,,,,,2,0,TRAFFIC_DETECTED,Eth142/1/1,0024.9811.b393; b40c.25e5.4045,"Cisco Systems, Inc; Palo Alto Networks",MISSING_ARP,0024.9811.b393; b40c.25e5.4045,NO,WEAK,No ARP entries; the other endpoint data source still has entries
DDC1-USON-ASW3,464,USON_ENC_CITRIX09A,,,,,2,0,TRAFFIC_DETECTED,Po2,0000.0c9f.f00a; 0026.9822.8bc3,"Cisco Systems, Inc; Cisco Systems, Inc",MISSING_ARP,0000.0c9f.f00a; 0026.9822.8bc3,NO,WEAK,No ARP entries; the other endpoint data source still has entries
DDC1-USON-ASW3,465,USON_ENC_CITRIX09B,,,,,2,0,TRAFFIC_DETECTED,Po2,0000.0c9f.f00a; 0026.9822.8bc3,"Cisco Systems, Inc; Cisco Systems, Inc",MISSING_ARP,0000.0c9f.f00a; 0026.9822.8bc3,NO,WEAK,No ARP entries; the other endpoint data source still has entries
DDC1-USON-ASW3,466,USON_ENC_CITRIX09C,,,,,2,0,TRAFFIC_DETECTED,Po2,0000.0c9f.f00a; 0026.9822.8bc3,"Cisco Systems, Inc; Cisco Systems, Inc",MISSING_ARP,0000.0c9f.f00a; 0026.9822.8bc3,NO,WEAK,No ARP entries; the other endpoint data source still has entries
DDC1-USON-ASW3,467,USON_ENC_CITRIX09D,,,,,2,0,TRAFFIC_DETECTED,Po2,0000.0c9f.f00a; 0026.9822.8bc3,"Cisco Systems, Inc; Cisco Systems, Inc",MISSING_ARP,0000.0c9f.f00a; 0026.9822.8bc3,NO,WEAK,No ARP entries; the other endpoint data source still has entries
DDC1-USON-ASW3,468,USON_ENC_CITRIX09E,,,,,2,0,TRAFFIC_DETECTED,Po2,0000.0c9f.f00a; 0026.9822.8bc3,"Cisco Systems, Inc; Cisco Systems, Inc",MISSING_ARP,0000.0c9f.f00a; 0026.9822.8bc3,NO,WEAK,No ARP entries; the other endpoint data source still has entries
DDC1-USON-ASW3,800,DDCDXPIDX-HMC,,,,,0,0,TRAFFIC_UNAVAILABLE,Vlan800,,,NO_MACS,,NO,MODERATE,No MACs or ARPs; traffic could not be confirmed
DDC1-USON-ASW3,3939,VM_non-routed-2,,,,,0,0,TRAFFIC_UNAVAILABLE,Vlan3939,,,NO_MACS,,NO,MODERATE,No MACs or ARPs; traffic could not be confirmed
DDC1-USON-ASW3,4092,VM_non-routed,,547f.ee02.3a41,"Cisco Systems, Inc",DDC-SD3-B2P3 (Cell 3),1,0,TRAFFIC_DETECTED,Eth101/1/17,308d.9930.6f21,Hewlett Packard,MISSING_ARP,308d.9930.6f21,YES,NONE,STP root bridge; do not recommend shutdown without topology review
DDC1-USON-ASW4,1,default,,547f.ee14.d3c1,"Cisco Systems, Inc",,2,0,TRAFFIC_DETECTED,Po2,1a2e.3af0.74dd; 4257.b8dc.d574,Locally administered/randomized MAC; Locally administered/randomized MAC,MISSING_ARP,1a2e.3af0.74dd; 4257.b8dc.d574,NO,WEAK,No ARP entries; the other endpoint data source still has entries
DDC1-USON-ASW4,110,USON_WEB1,,,,,2,0,TRAFFIC_DETECTED,Po2,0000.0c9f.f00a; 0026.9822.8bc3,"Cisco Systems, Inc; Cisco Systems, Inc",MISSING_ARP,0000.0c9f.f00a; 0026.9822.8bc3,NO,WEAK,No ARP entries; the other endpoint data source still has entries
DDC1-USON-ASW4,116,USON_VSERVER1,,,,,2,0,TRAFFIC_DETECTED,Po2,0000.0c9f.f00a; 0026.9822.8bc3,"Cisco Systems, Inc; Cisco Systems, Inc",MISSING_ARP,0000.0c9f.f00a; 0026.9822.8bc3,NO,WEAK,No ARP entries; the other endpoint data source still has entries
DDC1-USON-ASW4,124,USON_JCAP_1,,,,,0,0,TRAFFIC_UNAVAILABLE,Vlan124,,,NO_MACS,,NO,MODERATE,No MACs or ARPs; traffic could not be confirmed
DDC1-USON-ASW4,125,USON_JCAP_2,,,,,0,0,TRAFFIC_UNAVAILABLE,Vlan125,,,NO_MACS,,NO,MODERATE,No MACs or ARPs; traffic could not be confirmed
DDC1-USON-ASW4,130,USON_AD_SEC,,,,,2,0,TRAFFIC_DETECTED,Po2,0000.0c9f.f00a; 0026.9822.8bc3,"Cisco Systems, Inc; Cisco Systems, Inc",MISSING_ARP,0000.0c9f.f00a; 0026.9822.8bc3,NO,WEAK,No ARP entries; the other endpoint data source still has entries
DDC1-USON-ASW4,137,USON_CITRIX_PRI,,,,,2,0,TRAFFIC_DETECTED,Po2,0000.0c9f.f00a; 0026.9822.8bc3,"Cisco Systems, Inc; Cisco Systems, Inc",MISSING_ARP,0000.0c9f.f00a; 0026.9822.8bc3,NO,WEAK,No ARP entries; the other endpoint data source still has entries
DDC1-USON-ASW4,138,USON_CITRIX_SEC,,,,,2,0,TRAFFIC_DETECTED,Po2,0000.0c9f.f00a; 0026.9822.8bc3,"Cisco Systems, Inc; Cisco Systems, Inc",MISSING_ARP,0000.0c9f.f00a; 0026.9822.8bc3,NO,WEAK,No ARP entries; the other endpoint data source still has entries
DDC1-USON-ASW4,139,USON_MELIO,,,,,2,0,TRAFFIC_DETECTED,Po2,0000.0c9f.f00a; 0026.9822.8bc3,"Cisco Systems, Inc; Cisco Systems, Inc",MISSING_ARP,0000.0c9f.f00a; 0026.9822.8bc3,NO,WEAK,No ARP entries; the other endpoint data source still has entries
DDC1-USON-ASW4,140,USON_CITRIX_PVS1,,,,,2,0,TRAFFIC_DETECTED,Po2,0000.0c9f.f00a; 0026.9822.8bc3,"Cisco Systems, Inc; Cisco Systems, Inc",MISSING_ARP,0000.0c9f.f00a; 0026.9822.8bc3,NO,WEAK,No ARP entries; the other endpoint data source still has entries
DDC1-USON-ASW4,141,USON_CITRIX_PVS2,,,,,2,0,TRAFFIC_DETECTED,Po2,0000.0c9f.f00a; 0026.9822.8bc3,"Cisco Systems, Inc; Cisco Systems, Inc",MISSING_ARP,0000.0c9f.f00a; 0026.9822.8bc3,NO,WEAK,No ARP entries; the other endpoint data source still has entries
DDC1-USON-ASW4,144,USON_SQL,,,,,2,0,TRAFFIC_DETECTED,Po2,0000.0c9f.f00a; 0026.9822.8bc3,"Cisco Systems, Inc; Cisco Systems, Inc",MISSING_ARP,0000.0c9f.f00a; 0026.9822.8bc3,NO,WEAK,No ARP entries; the other endpoint data source still has entries
DDC1-USON-ASW4,301,USON_DMZ_TMP1,,,,,0,0,TRAFFIC_UNAVAILABLE,Vlan301,,,NO_MACS,,NO,MODERATE,No MACs or ARPs; traffic could not be confirmed
DDC1-USON-ASW4,302,USON_DMZ_TMP2,,,,,0,0,TRAFFIC_UNAVAILABLE,Vlan302,,,NO_MACS,,NO,MODERATE,No MACs or ARPs; traffic could not be confirmed
DDC1-USON-ASW4,402,USON_ENC_CITRIX01C,,,,,2,0,TRAFFIC_DETECTED,Po2,0000.0c9f.f00a; 0026.9822.8bc3,"Cisco Systems, Inc; Cisco Systems, Inc",MISSING_ARP,0000.0c9f.f00a; 0026.9822.8bc3,NO,WEAK,No ARP entries; the other endpoint data source still has entries
DDC1-USON-ASW4,404,USON_ENC_CITRIX01E,,,,,2,0,TRAFFIC_DETECTED,Po2,0000.0c9f.f00a; 0026.9822.8bc3,"Cisco Systems, Inc; Cisco Systems, Inc",MISSING_ARP,0000.0c9f.f00a; 0026.9822.8bc3,NO,WEAK,No ARP entries; the other endpoint data source still has entries
DDC1-USON-ASW4,408,USON_ENC_CITRIX02A,,,,,2,0,TRAFFIC_DETECTED,Po2,0000.0c9f.f00a; 0026.9822.8bc3,"Cisco Systems, Inc; Cisco Systems, Inc",MISSING_ARP,0000.0c9f.f00a; 0026.9822.8bc3,NO,WEAK,No ARP entries; the other endpoint data source still has entries
DDC1-USON-ASW4,409,USON_ENC_CITRIX02B,,,,,2,0,TRAFFIC_DETECTED,Po2,0000.0c9f.f00a; 0026.9822.8bc3,"Cisco Systems, Inc; Cisco Systems, Inc",MISSING_ARP,0000.0c9f.f00a; 0026.9822.8bc3,NO,WEAK,No ARP entries; the other endpoint data source still has entries
DDC1-USON-ASW4,410,USON_ENC_CITRIX02C,,,,,2,0,TRAFFIC_DETECTED,Po2,0000.0c9f.f00a; 0026.9822.8bc3,"Cisco Systems, Inc; Cisco Systems, Inc",MISSING_ARP,0000.0c9f.f00a; 0026.9822.8bc3,NO,WEAK,No ARP entries; the other endpoint data source still has entries
DDC1-USON-ASW4,412,USON_ENC_CITRIX02E,,,,,2,0,TRAFFIC_DETECTED,Po2,0000.0c9f.f00a; 0026.9822.8bc3,"Cisco Systems, Inc; Cisco Systems, Inc",MISSING_ARP,0000.0c9f.f00a; 0026.9822.8bc3,NO,WEAK,No ARP entries; the other endpoint data source still has entries
DDC1-USON-ASW4,416,USON_ENC_CITRIX03A,,,,,2,0,TRAFFIC_DETECTED,Po2,0000.0c9f.f00a; 0026.9822.8bc3,"Cisco Systems, Inc; Cisco Systems, Inc",MISSING_ARP,0000.0c9f.f00a; 0026.9822.8bc3,NO,WEAK,No ARP entries; the other endpoint data source still has entries
DDC1-USON-ASW4,417,USON_ENC_CITRIX03B,,,,,2,0,TRAFFIC_DETECTED,Po2,0000.0c9f.f00a; 0026.9822.8bc3,"Cisco Systems, Inc; Cisco Systems, Inc",MISSING_ARP,0000.0c9f.f00a; 0026.9822.8bc3,NO,WEAK,No ARP entries; the other endpoint data source still has entries
DDC1-USON-ASW4,420,USON_ENC_CITRIX03E,,,,,2,0,TRAFFIC_DETECTED,Po2,0000.0c9f.f00a; 0026.9822.8bc3,"Cisco Systems, Inc; Cisco Systems, Inc",MISSING_ARP,0000.0c9f.f00a; 0026.9822.8bc3,NO,WEAK,No ARP entries; the other endpoint data source still has entries
DDC1-USON-ASW4,424,USON_ENC_CITRIX04A,,,,,2,0,TRAFFIC_DETECTED,Po2,0000.0c9f.f00a; 0026.9822.8bc3,"Cisco Systems, Inc; Cisco Systems, Inc",MISSING_ARP,0000.0c9f.f00a; 0026.9822.8bc3,NO,WEAK,No ARP entries; the other endpoint data source still has entries
DDC1-USON-ASW4,425,USON_ENC_CITRIX04B,,,,,2,0,TRAFFIC_DETECTED,Po2,0000.0c9f.f00a; 0026.9822.8bc3,"Cisco Systems, Inc; Cisco Systems, Inc",MISSING_ARP,0000.0c9f.f00a; 0026.9822.8bc3,NO,WEAK,No ARP entries; the other endpoint data source still has entries
DDC1-USON-ASW4,426,USON_ENC_CITRIX04C,,,,,2,0,TRAFFIC_DETECTED,Po2,0000.0c9f.f00a; 0026.9822.8bc3,"Cisco Systems, Inc; Cisco Systems, Inc",MISSING_ARP,0000.0c9f.f00a; 0026.9822.8bc3,NO,WEAK,No ARP entries; the other endpoint data source still has entries
DDC1-USON-ASW4,427,USON_ENC_CITRIX04D,,,,,2,0,TRAFFIC_DETECTED,Po2,0000.0c9f.f00a; 0026.9822.8bc3,"Cisco Systems, Inc; Cisco Systems, Inc",MISSING_ARP,0000.0c9f.f00a; 0026.9822.8bc3,NO,WEAK,No ARP entries; the other endpoint data source still has entries
DDC1-USON-ASW4,428,USON_ENC_CITRIX04E,,,,,2,0,TRAFFIC_DETECTED,Po2,0000.0c9f.f00a; 0026.9822.8bc3,"Cisco Systems, Inc; Cisco Systems, Inc",MISSING_ARP,0000.0c9f.f00a; 0026.9822.8bc3,NO,WEAK,No ARP entries; the other endpoint data source still has entries
DDC1-USON-ASW4,432,USON_ENC_CITRIX05A,,,,,2,0,TRAFFIC_DETECTED,Po2,0000.0c9f.f00a; 0026.9822.8bc3,"Cisco Systems, Inc; Cisco Systems, Inc",MISSING_ARP,0000.0c9f.f00a; 0026.9822.8bc3,NO,WEAK,No ARP entries; the other endpoint data source still has entries
DDC1-USON-ASW4,433,USON_ENC_CITRIX05B,,,,,2,0,TRAFFIC_DETECTED,Po2,0000.0c9f.f00a; 0026.9822.8bc3,"Cisco Systems, Inc; Cisco Systems, Inc",MISSING_ARP,0000.0c9f.f00a; 0026.9822.8bc3,NO,WEAK,No ARP entries; the other endpoint data source still has entries
DDC1-USON-ASW4,434,USON_ENC_CITRIX05C,,,,,2,0,TRAFFIC_DETECTED,Po2,0000.0c9f.f00a; 0026.9822.8bc3,"Cisco Systems, Inc; Cisco Systems, Inc",MISSING_ARP,0000.0c9f.f00a; 0026.9822.8bc3,NO,WEAK,No ARP entries; the other endpoint data source still has entries
DDC1-USON-ASW4,435,USON_ENC_CITRIX05D,,,,,2,0,TRAFFIC_DETECTED,Po2,0000.0c9f.f00a; 0026.9822.8bc3,"Cisco Systems, Inc; Cisco Systems, Inc",MISSING_ARP,0000.0c9f.f00a; 0026.9822.8bc3,NO,WEAK,No ARP entries; the other endpoint data source still has entries
DDC1-USON-ASW4,436,USON_ENC_CITRIX05E,,,,,2,0,TRAFFIC_DETECTED,Po2,0000.0c9f.f00a; 0026.9822.8bc3,"Cisco Systems, Inc; Cisco Systems, Inc",MISSING_ARP,0000.0c9f.f00a; 0026.9822.8bc3,NO,WEAK,No ARP entries; the other endpoint data source still has entries
DDC1-USON-ASW4,440,USON_ENC_CITRIX06A,,,,,2,0,TRAFFIC_DETECTED,Po2,0000.0c9f.f00a; 0026.9822.8bc3,"Cisco Systems, Inc; Cisco Systems, Inc",MISSING_ARP,0000.0c9f.f00a; 0026.9822.8bc3,NO,WEAK,No ARP entries; the other endpoint data source still has entries
DDC1-USON-ASW4,442,USON_ENC_CITRIX06C,,,,,2,0,TRAFFIC_DETECTED,Po2,0000.0c9f.f00a; 0026.9822.8bc3,"Cisco Systems, Inc; Cisco Systems, Inc",MISSING_ARP,0000.0c9f.f00a; 0026.9822.8bc3,NO,WEAK,No ARP entries; the other endpoint data source still has entries
DDC1-USON-ASW4,443,USON_ENC_CITRIX06D,,,,,2,0,TRAFFIC_DETECTED,Po2,0000.0c9f.f00a; 0026.9822.8bc3,"Cisco Systems, Inc; Cisco Systems, Inc",MISSING_ARP,0000.0c9f.f00a; 0026.9822.8bc3,NO,WEAK,No ARP entries; the other endpoint data source still has entries
DDC1-USON-ASW4,444,USON_ENC_CITRIX06E,,,,,2,0,TRAFFIC_DETECTED,Po2,0000.0c9f.f00a; 0026.9822.8bc3,"Cisco Systems, Inc; Cisco Systems, Inc",MISSING_ARP,0000.0c9f.f00a; 0026.9822.8bc3,NO,WEAK,No ARP entries; the other endpoint data source still has entries
DDC1-USON-ASW4,448,USON_ENC_CITRIX07A,,,,,2,0,TRAFFIC_DETECTED,Po2,0000.0c9f.f00a; 0026.9822.8bc3,"Cisco Systems, Inc; Cisco Systems, Inc",MISSING_ARP,0000.0c9f.f00a; 0026.9822.8bc3,NO,WEAK,No ARP entries; the other endpoint data source still has entries
DDC1-USON-ASW4,449,USON_ENC_CITRIX07B,,,,,2,0,TRAFFIC_DETECTED,Po2,0000.0c9f.f00a; 0026.9822.8bc3,"Cisco Systems, Inc; Cisco Systems, Inc",MISSING_ARP,0000.0c9f.f00a; 0026.9822.8bc3,NO,WEAK,No ARP entries; the other endpoint data source still has entries
DDC1-USON-ASW4,450,USON_ENC_CITRIX07C,,,,,2,0,TRAFFIC_DETECTED,Po2,0000.0c9f.f00a; 0026.9822.8bc3,"Cisco Systems, Inc; Cisco Systems, Inc",MISSING_ARP,0000.0c9f.f00a; 0026.9822.8bc3,NO,WEAK,No ARP entries; the other endpoint data source still has entries
DDC1-USON-ASW4,451,USON_ENC_CITRIX07D,,,,,2,0,TRAFFIC_DETECTED,Po2,0000.0c9f.f00a; 0026.9822.8bc3,"Cisco Systems, Inc; Cisco Systems, Inc",MISSING_ARP,0000.0c9f.f00a; 0026.9822.8bc3,NO,WEAK,No ARP entries; the other endpoint data source still has entries
DDC1-USON-ASW4,452,USON_ENC_CITRIX07E,,,,,2,0,TRAFFIC_DETECTED,Po2,0000.0c9f.f00a; 0026.9822.8bc3,"Cisco Systems, Inc; Cisco Systems, Inc",MISSING_ARP,0000.0c9f.f00a; 0026.9822.8bc3,NO,WEAK,No ARP entries; the other endpoint data source still has entries
DDC1-USON-ASW4,456,USON_ENC_CITRIX08A,,,,,2,0,TRAFFIC_DETECTED,Po2,0000.0c9f.f00a; 0026.9822.8bc3,"Cisco Systems, Inc; Cisco Systems, Inc",MISSING_ARP,0000.0c9f.f00a; 0026.9822.8bc3,NO,WEAK,No ARP entries; the other endpoint data source still has entries
DDC1-USON-ASW4,457,USON_ENC_CITRIX08B,,,,,2,0,TRAFFIC_DETECTED,Po2,0000.0c9f.f00a; 0026.9822.8bc3,"Cisco Systems, Inc; Cisco Systems, Inc",MISSING_ARP,0000.0c9f.f00a; 0026.9822.8bc3,NO,WEAK,No ARP entries; the other endpoint data source still has entries
DDC1-USON-ASW4,458,USON_ENC_CITRIX08C,,,,,2,0,TRAFFIC_DETECTED,Po2,0000.0c9f.f00a; 0026.9822.8bc3,"Cisco Systems, Inc; Cisco Systems, Inc",MISSING_ARP,0000.0c9f.f00a; 0026.9822.8bc3,NO,WEAK,No ARP entries; the other endpoint data source still has entries
DDC1-USON-ASW4,459,USON_ENC_CITRIX08D,,,,,2,0,TRAFFIC_DETECTED,Po2,0000.0c9f.f00a; 0026.9822.8bc3,"Cisco Systems, Inc; Cisco Systems, Inc",MISSING_ARP,0000.0c9f.f00a; 0026.9822.8bc3,NO,WEAK,No ARP entries; the other endpoint data source still has entries
DDC1-USON-ASW4,461,USON_BAK,,,,,1,0,TRAFFIC_DETECTED,Eth143/1/1,0024.9811.bc13,"Cisco Systems, Inc",MISSING_ARP,0024.9811.bc13,NO,WEAK,No ARP entries; the other endpoint data source still has entries
DDC1-USON-ASW4,464,USON_ENC_CITRIX09A,,,,,2,0,TRAFFIC_DETECTED,Po2,0000.0c9f.f00a; 0026.9822.8bc3,"Cisco Systems, Inc; Cisco Systems, Inc",MISSING_ARP,0000.0c9f.f00a; 0026.9822.8bc3,NO,WEAK,No ARP entries; the other endpoint data source still has entries
DDC1-USON-ASW4,465,USON_ENC_CITRIX09B,,,,,2,0,TRAFFIC_DETECTED,Po2,0000.0c9f.f00a; 0026.9822.8bc3,"Cisco Systems, Inc; Cisco Systems, Inc",MISSING_ARP,0000.0c9f.f00a; 0026.9822.8bc3,NO,WEAK,No ARP entries; the other endpoint data source still has entries
DDC1-USON-ASW4,466,USON_ENC_CITRIX09C,,,,,2,0,TRAFFIC_DETECTED,Po2,0000.0c9f.f00a; 0026.9822.8bc3,"Cisco Systems, Inc; Cisco Systems, Inc",MISSING_ARP,0000.0c9f.f00a; 0026.9822.8bc3,NO,WEAK,No ARP entries; the other endpoint data source still has entries
DDC1-USON-ASW4,467,USON_ENC_CITRIX09D,,,,,2,0,TRAFFIC_DETECTED,Po2,0000.0c9f.f00a; 0026.9822.8bc3,"Cisco Systems, Inc; Cisco Systems, Inc",MISSING_ARP,0000.0c9f.f00a; 0026.9822.8bc3,NO,WEAK,No ARP entries; the other endpoint data source still has entries
DDC1-USON-ASW4,468,USON_ENC_CITRIX09E,,,,,2,0,TRAFFIC_DETECTED,Po2,0000.0c9f.f00a; 0026.9822.8bc3,"Cisco Systems, Inc; Cisco Systems, Inc",MISSING_ARP,0000.0c9f.f00a; 0026.9822.8bc3,NO,WEAK,No ARP entries; the other endpoint data source still has entries
DDC1-USON-ASW4,800,DDCDXPIDX-HMC,,,,,0,0,TRAFFIC_UNAVAILABLE,Vlan800,,,NO_MACS,,NO,MODERATE,No MACs or ARPs; traffic could not be confirmed
DDC1-USON-ASW4,3939,VM_non-routed-2,,,,,0,0,TRAFFIC_UNAVAILABLE,Vlan3939,,,NO_MACS,,NO,MODERATE,No MACs or ARPs; traffic could not be confirmed
DDC1-USON-ASW4,4092,VM_non-routed,,,,,0,0,TRAFFIC_UNAVAILABLE,Vlan4092,,,NO_MACS,,NO,MODERATE,No MACs or ARPs; traffic could not be confirmed
DDC1-USON-ASW5,1,default,,,,,0,0,TRAFFIC_UNAVAILABLE,Vlan1,,,NO_MACS,,NO,MODERATE,No MACs or ARPs; traffic could not be confirmed
DDC1-USON-ASW5,350,USON_ISPDMZ_VIP,,,,,2,0,TRAFFIC_DETECTED,Po14; Eth1/21,8296.fd64.6755; b40c.25e5.0047,Locally administered/randomized MAC; Palo Alto Networks,MISSING_ARP,8296.fd64.6755; b40c.25e5.0047,NO,WEAK,No ARP entries; the other endpoint data source still has entries
DDC1-USON-ASW5,351,USON_ISPDMZ_SVR1,,,,,2,0,TRAFFIC_DETECTED,Po14; Eth1/21,8296.fd64.6755; b40c.25e5.0047,Locally administered/randomized MAC; Palo Alto Networks,MISSING_ARP,8296.fd64.6755; b40c.25e5.0047,NO,WEAK,No ARP entries; the other endpoint data source still has entries
DDC1-USON-ASW5,352,USON_ISPDMZ_SVR2,,,,,1,0,TRAFFIC_DETECTED,Eth1/21,b40c.25e5.0047,Palo Alto Networks,MISSING_ARP,b40c.25e5.0047,NO,WEAK,No ARP entries; the other endpoint data source still has entries
DDC1-USON-ASW5,355,USON_ISPDMZ_MGMT,,,,,1,0,TRAFFIC_DETECTED,Eth1/21,b40c.25e5.0047,Palo Alto Networks,MISSING_ARP,b40c.25e5.0047,NO,WEAK,No ARP entries; the other endpoint data source still has entries
DDC1-USON-ASW5,3939,VM_non-routed-2,,,,,0,0,TRAFFIC_UNAVAILABLE,Vlan3939,,,NO_MACS,,NO,MODERATE,No MACs or ARPs; traffic could not be confirmed
DDC1-USON-ASW6,1,default,,,,,0,0,TRAFFIC_UNAVAILABLE,Vlan1,,,NO_MACS,,YES,NONE,STP root bridge; do not recommend shutdown without topology review
DDC1-USON-ASW6,350,USON_ISPDMZ_VIP,,,,,1,0,TRAFFIC_DETECTED,Po14,8296.fd64.6755,Locally administered/randomized MAC,MISSING_ARP,8296.fd64.6755,YES,NONE,STP root bridge; do not recommend shutdown without topology review
DDC1-USON-ASW6,351,USON_ISPDMZ_SVR1,,,,,1,0,TRAFFIC_DETECTED,Po14,8296.fd64.6755,Locally administered/randomized MAC,MISSING_ARP,8296.fd64.6755,YES,NONE,STP root bridge; do not recommend shutdown without topology review
DDC1-USON-ASW6,352,USON_ISPDMZ_SVR2,,,,,0,0,TRAFFIC_UNAVAILABLE,Vlan352,,,NO_MACS,,YES,NONE,STP root bridge; do not recommend shutdown without topology review
DDC1-USON-ASW6,353,USON_ISPDMZ_OAMGT,,,,,2,0,TRAFFIC_DETECTED,Po15; Po14,7a8b.c95e.2e68; 8296.fd64.6755,Locally administered/randomized MAC; Locally administered/randomized MAC,MISSING_ARP,7a8b.c95e.2e68; 8296.fd64.6755,YES,NONE,STP root bridge; do not recommend shutdown without topology review
DDC1-USON-ASW6,355,USON_ISPDMZ_MGMT,,,,,0,0,TRAFFIC_UNAVAILABLE,Vlan355,,,NO_MACS,,YES,NONE,STP root bridge; do not recommend shutdown without topology review
DDC1-USON-ASW6,3939,VM_non-routed-2,,,,,0,0,TRAFFIC_UNAVAILABLE,Vlan3939,,,NO_MACS,,YES,NONE,STP root bridge; do not recommend shutdown without topology review
DDC1-USON-DSW1,1,default,,0026.980a.c843,"Cisco Systems, Inc",,2,0,TRAFFIC_DETECTED,Po13; Po12,1a2e.3af0.74dd; 4257.b8dc.d574,Locally administered/randomized MAC; Locally administered/randomized MAC,MISSING_ARP,1a2e.3af0.74dd; 4257.b8dc.d574,YES,NONE,STP root bridge; do not recommend shutdown without topology review
DDC1-USON-DSW1,10,VDC_Routed_Peer,,,,,0,0,TRAFFIC_UNAVAILABLE,Vlan10,,,NO_MACS,,YES,NONE,STP root bridge; do not recommend shutdown without topology review
DDC1-USON-DSW1,110,USON_WEB1,10.5.192.253/24,0026.980a.c843,"Cisco Systems, Inc",USON_WEB1,0,2,NO_ACCESS_PORTS,,,,NO_MACS,,YES,NONE,STP root bridge; do not recommend shutdown without topology review
DDC1-USON-DSW1,124,USON_JCAP_1,,,,,0,0,TRAFFIC_UNAVAILABLE,Vlan124,,,NO_MACS,,YES,NONE,STP root bridge; do not recommend shutdown without topology review
DDC1-USON-DSW1,125,USON_JCAP_2,,,,,0,0,TRAFFIC_UNAVAILABLE,Vlan125,,,NO_MACS,,YES,NONE,STP root bridge; do not recommend shutdown without topology review
DDC1-USON-DSW1,132,DDC_CAJ2,10.5.211.253/24,0026.980a.c843,"Cisco Systems, Inc",DDC_CAJ2,0,2,NO_ACCESS_PORTS,,,,NO_MACS,,YES,NONE,STP root bridge; do not recommend shutdown without topology review
DDC1-USON-DSW1,133,DDC_CAJ3,10.5.212.253/24,0026.980a.c843,"Cisco Systems, Inc",DDC_CAJ3,0,2,NO_ACCESS_PORTS,,,,NO_MACS,,YES,NONE,STP root bridge; do not recommend shutdown without topology review
DDC1-USON-DSW1,137,USON_CITRIX_PRI,10.5.216.253/24,0026.980a.c843,"Cisco Systems, Inc",USON_CITRIX_PRI,0,2,NO_ACCESS_PORTS,,,,NO_MACS,,YES,NONE,STP root bridge; do not recommend shutdown without topology review
DDC1-USON-DSW1,138,USON_CITRIX_SEC,10.5.217.253/24,0026.980a.c843,"Cisco Systems, Inc",USON_CITRIX_SEC,0,2,NO_ACCESS_PORTS,,,,NO_MACS,,YES,NONE,STP root bridge; do not recommend shutdown without topology review
DDC1-USON-DSW1,139,USON_MELIO,10.5.218.253/24,0026.980a.c843,"Cisco Systems, Inc",USON_MELIO,0,2,NO_ACCESS_PORTS,,,,NO_MACS,,YES,NONE,STP root bridge; do not recommend shutdown without topology review
DDC1-USON-DSW1,140,USON_CITRIX_PVS1,10.5.219.253/24,0026.980a.c843,"Cisco Systems, Inc",USON_CITRIX_PVS1,0,2,NO_ACCESS_PORTS,,,,NO_MACS,,YES,NONE,STP root bridge; do not recommend shutdown without topology review
DDC1-USON-DSW1,141,USON_CITRIX_PVS2,10.5.220.253/24,0026.980a.c843,"Cisco Systems, Inc",USON_USON_CITRIX_PVS2,0,2,NO_ACCESS_PORTS,,,,NO_MACS,,YES,NONE,STP root bridge; do not recommend shutdown without topology review
DDC1-USON-DSW1,144,USON_SQL,10.5.223.253/24,0026.980a.c843,"Cisco Systems, Inc",USON_SQL,0,2,NO_ACCESS_PORTS,,,,NO_MACS,,YES,NONE,STP root bridge; do not recommend shutdown without topology review
DDC1-USON-DSW1,145,Ontada_Private,,,,,0,0,TRAFFIC_UNAVAILABLE,Vlan145,,,NO_MACS,,YES,NONE,STP root bridge; do not recommend shutdown without topology review
DDC1-USON-DSW1,402,USON_ENC_CITRIX01C,10.9.2.253/24,0026.980a.c843,"Cisco Systems, Inc",USON_ENC_CITRIX01C,0,2,NO_ACCESS_PORTS,,,,NO_MACS,,YES,NONE,STP root bridge; do not recommend shutdown without topology review
DDC1-USON-DSW1,404,USON_ENC_CITRIX01E,10.9.4.253/24,0026.980a.c843,"Cisco Systems, Inc",USON_ENC_CITRIX01E,0,2,NO_ACCESS_PORTS,,,,NO_MACS,,YES,NONE,STP root bridge; do not recommend shutdown without topology review
DDC1-USON-DSW1,408,USON_ENC_CITRIX02A,10.9.8.253/24,0026.980a.c843,"Cisco Systems, Inc",USON_ENC_CITRIX02A,0,2,NO_ACCESS_PORTS,,,,NO_MACS,,YES,NONE,STP root bridge; do not recommend shutdown without topology review
DDC1-USON-DSW1,409,USON_ENC_CITRIX02B,10.9.9.253/24,0026.980a.c843,"Cisco Systems, Inc",USON_ENC_CITRIX02B,0,2,NO_ACCESS_PORTS,,,,NO_MACS,,YES,NONE,STP root bridge; do not recommend shutdown without topology review
DDC1-USON-DSW1,410,USON_ENC_CITRIX02C,10.9.10.253/24,0026.980a.c843,"Cisco Systems, Inc",USON_ENC_CITRIX02C,0,2,NO_ACCESS_PORTS,,,,NO_MACS,,YES,NONE,STP root bridge; do not recommend shutdown without topology review
DDC1-USON-DSW1,412,USON_ENC_CITRIX02E,10.9.12.253/24,0026.980a.c843,"Cisco Systems, Inc",USON_ENC_CITRIX02E,0,2,NO_ACCESS_PORTS,,,,NO_MACS,,YES,NONE,STP root bridge; do not recommend shutdown without topology review
DDC1-USON-DSW1,415,Kurt-VLAN,10.9.16.125/25,0026.980a.c843,"Cisco Systems, Inc",Kurt-VLAN,0,2,NO_ACCESS_PORTS,,,,NO_MACS,,YES,NONE,STP root bridge; do not recommend shutdown without topology review
DDC1-USON-DSW1,416,USON_ENC_CITRIX03A,10.9.16.253/26,0026.980a.c843,"Cisco Systems, Inc",Riverbed-VLAN,0,2,NO_ACCESS_PORTS,,,,NO_MACS,,YES,NONE,STP root bridge; do not recommend shutdown without topology review
DDC1-USON-DSW1,420,USON_ENC_CITRIX03E,10.9.23.253/22,0026.980a.c843,"Cisco Systems, Inc",CITRIX_7x_PVS,0,2,NO_ACCESS_PORTS,,,,NO_MACS,,YES,NONE,STP root bridge; do not recommend shutdown without topology review
DDC1-USON-DSW1,424,USON_ENC_CITRIX04A,10.9.24.253/24,0026.980a.c843,"Cisco Systems, Inc",USON_ENC_CITRIX04A,0,2,NO_ACCESS_PORTS,,,,NO_MACS,,YES,NONE,STP root bridge; do not recommend shutdown without topology review
DDC1-USON-DSW1,425,USON_ENC_CITRIX04B,10.9.25.253/24,0026.980a.c843,"Cisco Systems, Inc",USON_ENC_CITRIX04B,0,2,NO_ACCESS_PORTS,,,,NO_MACS,,YES,NONE,STP root bridge; do not recommend shutdown without topology review
DDC1-USON-DSW1,426,USON_ENC_CITRIX04C,10.9.26.253/24,0026.980a.c843,"Cisco Systems, Inc",USON_ENC_CITRIX04C,0,2,NO_ACCESS_PORTS,,,,NO_MACS,,YES,NONE,STP root bridge; do not recommend shutdown without topology review
DDC1-USON-DSW1,427,USON_ENC_CITRIX04D,10.9.27.253/24,0026.980a.c843,"Cisco Systems, Inc",USON_ENC_CITRIX04D,0,2,NO_ACCESS_PORTS,,,,NO_MACS,,YES,NONE,STP root bridge; do not recommend shutdown without topology review
DDC1-USON-DSW1,428,USON_ENC_CITRIX04E,10.9.28.253/24,0026.980a.c843,"Cisco Systems, Inc",USON_ENC_CITRIX04E,0,2,NO_ACCESS_PORTS,,,,NO_MACS,,YES,NONE,STP root bridge; do not recommend shutdown without topology review
DDC1-USON-DSW1,432,USON_ENC_CITRIX05A,10.9.32.253/24,0026.980a.c843,"Cisco Systems, Inc",USON_ENC_CITRIX05A,0,2,NO_ACCESS_PORTS,,,,NO_MACS,,YES,NONE,STP root bridge; do not recommend shutdown without topology review
DDC1-USON-DSW1,433,USON_ENC_CITRIX05B,10.9.33.253/24,0026.980a.c843,"Cisco Systems, Inc",USON_ENC_CITRIX05B,0,2,NO_ACCESS_PORTS,,,,NO_MACS,,YES,NONE,STP root bridge; do not recommend shutdown without topology review
DDC1-USON-DSW1,434,USON_ENC_CITRIX05C,10.9.34.253/24,0026.980a.c843,"Cisco Systems, Inc",USON_ENC_CITRIX05C,0,2,NO_ACCESS_PORTS,,,,NO_MACS,,YES,NONE,STP root bridge; do not recommend shutdown without topology review
DDC1-USON-DSW1,435,USON_ENC_CITRIX05D,10.9.35.253/24,0026.980a.c843,"Cisco Systems, Inc",USON_ENC_CITRIX05D,0,2,NO_ACCESS_PORTS,,,,NO_MACS,,YES,NONE,STP root bridge; do not recommend shutdown without topology review
DDC1-USON-DSW1,436,USON_ENC_CITRIX05E,10.9.36.253/24,0026.980a.c843,"Cisco Systems, Inc",USON_ENC_CITRIX05E,0,2,NO_ACCESS_PORTS,,,,NO_MACS,,YES,NONE,STP root bridge; do not recommend shutdown without topology review
DDC1-USON-DSW1,440,USON_ENC_CITRIX06A,10.9.40.253/24,0026.980a.c843,"Cisco Systems, Inc",USON_ENC_CITRIX06A,0,2,NO_ACCESS_PORTS,,,,NO_MACS,,YES,NONE,STP root bridge; do not recommend shutdown without topology review
DDC1-USON-DSW1,441,USON_ENC_CITRIX06B,10.9.41.253/24,0026.980a.c843,"Cisco Systems, Inc",USON_ENC_CITRIX06B,0,2,NO_ACCESS_PORTS,,,,NO_MACS,,YES,NONE,STP root bridge; do not recommend shutdown without topology review
DDC1-USON-DSW1,442,USON_ENC_CITRIX06C,10.9.42.253/24,0026.980a.c843,"Cisco Systems, Inc",USON_ENC_CITRIX06C,0,2,NO_ACCESS_PORTS,,,,NO_MACS,,YES,NONE,STP root bridge; do not recommend shutdown without topology review
DDC1-USON-DSW1,443,USON_ENC_CITRIX06D,10.9.43.253/24,0026.980a.c843,"Cisco Systems, Inc",USON_ENC_CITRIX06D,0,2,NO_ACCESS_PORTS,,,,NO_MACS,,YES,NONE,STP root bridge; do not recommend shutdown without topology review
DDC1-USON-DSW1,444,USON_ENC_CITRIX06E,10.9.44.253/24,0026.980a.c843,"Cisco Systems, Inc",USON_ENC_CITRIX06E,0,2,NO_ACCESS_PORTS,,,,NO_MACS,,YES,NONE,STP root bridge; do not recommend shutdown without topology review
DDC1-USON-DSW1,448,USON_ENC_CITRIX07A,10.9.48.253/24,0026.980a.c843,"Cisco Systems, Inc",USON_ENC_CITRIX07A,0,2,NO_ACCESS_PORTS,,,,NO_MACS,,YES,NONE,STP root bridge; do not recommend shutdown without topology review
DDC1-USON-DSW1,449,USON_ENC_CITRIX07B,10.9.49.253/24,0026.980a.c843,"Cisco Systems, Inc",USON_ENC_CITRIX07B,0,2,NO_ACCESS_PORTS,,,,NO_MACS,,YES,NONE,STP root bridge; do not recommend shutdown without topology review
DDC1-USON-DSW1,450,USON_ENC_CITRIX07C,10.9.50.253/24,0026.980a.c843,"Cisco Systems, Inc",USON_ENC_CITRIX07C,0,2,NO_ACCESS_PORTS,,,,NO_MACS,,YES,NONE,STP root bridge; do not recommend shutdown without topology review
DDC1-USON-DSW1,451,USON_ENC_CITRIX07D,10.9.51.253/24,0026.980a.c843,"Cisco Systems, Inc",USON_ENC_CITRIX07D,0,2,NO_ACCESS_PORTS,,,,NO_MACS,,YES,NONE,STP root bridge; do not recommend shutdown without topology review
DDC1-USON-DSW1,452,USON_ENC_CITRIX07E,10.9.52.253/24,0026.980a.c843,"Cisco Systems, Inc",USON_ENC_CITRIX07E,0,2,NO_ACCESS_PORTS,,,,NO_MACS,,YES,NONE,STP root bridge; do not recommend shutdown without topology review
DDC1-USON-DSW1,456,USON_ENC_CITRIX08A,10.9.56.253/24,0026.980a.c843,"Cisco Systems, Inc",USON_ENC_CITRIX08A,0,2,NO_ACCESS_PORTS,,,,NO_MACS,,YES,NONE,STP root bridge; do not recommend shutdown without topology review
DDC1-USON-DSW1,457,USON_ENC_CITRIX08B,10.9.57.253/24,0026.980a.c843,"Cisco Systems, Inc",USON_ENC_CITRIX08B,0,2,NO_ACCESS_PORTS,,,,NO_MACS,,YES,NONE,STP root bridge; do not recommend shutdown without topology review
DDC1-USON-DSW1,458,USON_ENC_CITRIX08C,10.9.58.253/24,0026.980a.c843,"Cisco Systems, Inc",USON_ENC_CITRIX08C,0,2,NO_ACCESS_PORTS,,,,NO_MACS,,YES,NONE,STP root bridge; do not recommend shutdown without topology review
DDC1-USON-DSW1,459,USON_ENC_CITRIX08D,10.9.59.253/24,0026.980a.c843,"Cisco Systems, Inc",USON_ENC_CITRIX08D,0,2,NO_ACCESS_PORTS,,,,NO_MACS,,YES,NONE,STP root bridge; do not recommend shutdown without topology review
DDC1-USON-DSW1,460,USON_ENC_CITRIX08E,10.9.63.253/22,0026.980a.c843,"Cisco Systems, Inc",USON_ENC_CITRIX08E,0,2,NO_ACCESS_PORTS,,,,NO_MACS,,YES,NONE,STP root bridge; do not recommend shutdown without topology review
DDC1-USON-DSW1,461,USON_BAK,,,,,1,0,TRAFFIC_DETECTED,Po11,b40c.25e5.4045,Palo Alto Networks,MISSING_ARP,b40c.25e5.4045,YES,NONE,STP root bridge; do not recommend shutdown without topology review
DDC1-USON-DSW1,464,USON_ENC_CITRIX09A,10.9.64.253/24,0026.980a.c843,"Cisco Systems, Inc",USON_ENC_CITRIX09A,0,1,NO_ACCESS_PORTS,,,,NO_MACS,,YES,NONE,STP root bridge; do not recommend shutdown without topology review
DDC1-USON-DSW1,465,USON_ENC_CITRIX09B,10.9.65.253/24,0026.980a.c843,"Cisco Systems, Inc",USON_ENC_CITRIX09B,0,1,NO_ACCESS_PORTS,,,,NO_MACS,,YES,NONE,STP root bridge; do not recommend shutdown without topology review
DDC1-USON-DSW1,466,USON_ENC_CITRIX09C,10.9.66.253/24,0026.980a.c843,"Cisco Systems, Inc",USON_ENC_CITRIX09C,0,1,NO_ACCESS_PORTS,,,,NO_MACS,,YES,NONE,STP root bridge; do not recommend shutdown without topology review
DDC1-USON-DSW1,467,USON_ENC_CITRIX09D,10.9.67.253/24,0026.980a.c843,"Cisco Systems, Inc",USON_ENC_CITRIX09D,0,1,NO_ACCESS_PORTS,,,,NO_MACS,,YES,NONE,STP root bridge; do not recommend shutdown without topology review
DDC1-USON-DSW1,468,USON_ENC_CITRIX09E,10.9.68.253/24,0026.980a.c843,"Cisco Systems, Inc",USON_ENC_CITRIX09E,0,1,NO_ACCESS_PORTS,,,,NO_MACS,,YES,NONE,STP root bridge; do not recommend shutdown without topology review
DDC1-USON-DSW1,469,DDCDIDXTST01-hmc,,,,,0,0,TRAFFIC_UNAVAILABLE,Vlan469,,,NO_MACS,,YES,NONE,STP root bridge; do not recommend shutdown without topology review
DDC1-USON-DSW1,800,DDCDXPIDX-HMC,,,,,0,0,TRAFFIC_UNAVAILABLE,Vlan800,,,NO_MACS,,YES,NONE,STP root bridge; do not recommend shutdown without topology review
DDC1-USON-DSW1,3939,VM_non-routed-2,,,,,0,0,TRAFFIC_UNAVAILABLE,Vlan3939,,,NO_MACS,,YES,NONE,STP root bridge; do not recommend shutdown without topology review
DDC1-USON-DSW2,1,default,,0026.9822.8bc3,"Cisco Systems, Inc",,2,0,TRAFFIC_DETECTED,Po13; Po12,1a2e.3af0.74dd; 4257.b8dc.d574,Locally administered/randomized MAC; Locally administered/randomized MAC,MISSING_ARP,1a2e.3af0.74dd; 4257.b8dc.d574,NO,WEAK,No ARP entries; the other endpoint data source still has entries
DDC1-USON-DSW2,10,VDC_Routed_Peer,,,,,0,0,TRAFFIC_UNAVAILABLE,Vlan10,,,NO_MACS,,NO,MODERATE,No MACs or ARPs; traffic could not be confirmed
DDC1-USON-DSW2,110,USON_WEB1,10.5.192.252/24,0026.9822.8bc3,"Cisco Systems, Inc",USON_WEB1,0,2,NO_ACCESS_PORTS,,,,NO_MACS,,NO,WEAK,No MACs; the other endpoint data source still has entries
DDC1-USON-DSW2,124,USON_JCAP_1,,,,,0,0,TRAFFIC_UNAVAILABLE,Vlan124,,,NO_MACS,,NO,MODERATE,No MACs or ARPs; traffic could not be confirmed
DDC1-USON-DSW2,125,USON_JCAP_2,,,,,0,0,TRAFFIC_UNAVAILABLE,Vlan125,,,NO_MACS,,NO,MODERATE,No MACs or ARPs; traffic could not be confirmed
DDC1-USON-DSW2,132,DDC_CAJ2,10.5.211.252/24,0026.9822.8bc3,"Cisco Systems, Inc",DDC_CAJ1,0,2,NO_ACCESS_PORTS,,,,NO_MACS,,NO,WEAK,No MACs; the other endpoint data source still has entries
DDC1-USON-DSW2,133,DDC_CAJ3,10.5.212.252/24,0026.9822.8bc3,"Cisco Systems, Inc",DDC_CAJ3,0,2,NO_ACCESS_PORTS,,,,NO_MACS,,NO,WEAK,No MACs; the other endpoint data source still has entries
DDC1-USON-DSW2,137,USON_CITRIX_PRI,10.5.216.252/24,0026.9822.8bc3,"Cisco Systems, Inc",USON_CITRIX_PRI,0,2,NO_ACCESS_PORTS,,,,NO_MACS,,NO,WEAK,No MACs; the other endpoint data source still has entries
DDC1-USON-DSW2,138,USON_CITRIX_SEC,10.5.217.252/24,0026.9822.8bc3,"Cisco Systems, Inc",USON_CITRIX_SEC,0,2,NO_ACCESS_PORTS,,,,NO_MACS,,NO,WEAK,No MACs; the other endpoint data source still has entries
DDC1-USON-DSW2,139,USON_MELIO,10.5.218.252/24,0026.9822.8bc3,"Cisco Systems, Inc",USON_MELIO,0,2,NO_ACCESS_PORTS,,,,NO_MACS,,NO,WEAK,No MACs; the other endpoint data source still has entries
DDC1-USON-DSW2,140,USON_CITRIX_PVS1,10.5.219.252/24,0026.9822.8bc3,"Cisco Systems, Inc",USON_CITRIX_PVS1,0,2,NO_ACCESS_PORTS,,,,NO_MACS,,NO,WEAK,No MACs; the other endpoint data source still has entries
DDC1-USON-DSW2,141,USON_CITRIX_PVS2,10.5.220.252/24,0026.9822.8bc3,"Cisco Systems, Inc",USON_USON_CITRIX_PVS2,0,2,NO_ACCESS_PORTS,,,,NO_MACS,,NO,WEAK,No MACs; the other endpoint data source still has entries
DDC1-USON-DSW2,144,USON_SQL,10.5.223.252/24,0026.9822.8bc3,"Cisco Systems, Inc",USON_SQL,0,2,NO_ACCESS_PORTS,,,,NO_MACS,,NO,WEAK,No MACs; the other endpoint data source still has entries
DDC1-USON-DSW2,145,Ontada_Private,,,,,0,0,TRAFFIC_UNAVAILABLE,Vlan145,,,NO_MACS,,NO,MODERATE,No MACs or ARPs; traffic could not be confirmed
DDC1-USON-DSW2,200,USON_ASPFW_TRUST,10.255.146.5/29,0026.9822.8bc3,"Cisco Systems, Inc",USON_ASPFW_TRUST,1,2,TRAFFIC_DETECTED,Po8,b40c.25e5.0011,Palo Alto Networks,PASS,,NO,NONE,Active MAC and ARP entries detected
DDC1-USON-DSW2,402,USON_ENC_CITRIX01C,10.9.2.252/24,0026.9822.8bc3,"Cisco Systems, Inc",USON_ENC_CITRIX01C,0,2,NO_ACCESS_PORTS,,,,NO_MACS,,NO,WEAK,No MACs; the other endpoint data source still has entries
DDC1-USON-DSW2,404,USON_ENC_CITRIX01E,10.9.4.252/24,0026.9822.8bc3,"Cisco Systems, Inc",USON_ENC_CITRIX01E,0,2,NO_ACCESS_PORTS,,,,NO_MACS,,NO,WEAK,No MACs; the other endpoint data source still has entries
DDC1-USON-DSW2,408,USON_ENC_CITRIX02A,10.9.8.252/24,0026.9822.8bc3,"Cisco Systems, Inc",USON_ENC_CITRIX02A,0,2,NO_ACCESS_PORTS,,,,NO_MACS,,NO,WEAK,No MACs; the other endpoint data source still has entries
DDC1-USON-DSW2,409,USON_ENC_CITRIX02B,10.9.9.252/24,0026.9822.8bc3,"Cisco Systems, Inc",USON_ENC_CITRIX02B,0,2,NO_ACCESS_PORTS,,,,NO_MACS,,NO,WEAK,No MACs; the other endpoint data source still has entries
DDC1-USON-DSW2,410,USON_ENC_CITRIX02C,10.9.10.252/24,0026.9822.8bc3,"Cisco Systems, Inc",USON_ENC_CITRIX02C,0,2,NO_ACCESS_PORTS,,,,NO_MACS,,NO,WEAK,No MACs; the other endpoint data source still has entries
DDC1-USON-DSW2,412,USON_ENC_CITRIX02E,10.9.12.252/24,0026.9822.8bc3,"Cisco Systems, Inc",USON_ENC_CITRIX02E,0,2,NO_ACCESS_PORTS,,,,NO_MACS,,NO,WEAK,No MACs; the other endpoint data source still has entries
DDC1-USON-DSW2,415,Kurt-VLAN,10.9.16.124/25,0026.9822.8bc3,"Cisco Systems, Inc",Kurt-VLAN,0,2,NO_ACCESS_PORTS,,,,NO_MACS,,NO,WEAK,No MACs; the other endpoint data source still has entries
DDC1-USON-DSW2,416,USON_ENC_CITRIX03A,10.9.16.252/26,0026.9822.8bc3,"Cisco Systems, Inc",Riverbed-VLAN,0,2,NO_ACCESS_PORTS,,,,NO_MACS,,NO,WEAK,No MACs; the other endpoint data source still has entries
DDC1-USON-DSW2,420,USON_ENC_CITRIX03E,10.9.23.252/22,0026.9822.8bc3,"Cisco Systems, Inc",CITRIX_7x_PVS,0,2,NO_ACCESS_PORTS,,,,NO_MACS,,NO,WEAK,No MACs; the other endpoint data source still has entries
DDC1-USON-DSW2,424,USON_ENC_CITRIX04A,10.9.24.252/24,0026.9822.8bc3,"Cisco Systems, Inc",USON_ENC_CITRIX04A,0,2,NO_ACCESS_PORTS,,,,NO_MACS,,NO,WEAK,No MACs; the other endpoint data source still has entries
DDC1-USON-DSW2,425,USON_ENC_CITRIX04B,10.9.25.252/24,0026.9822.8bc3,"Cisco Systems, Inc",USON_ENC_CITRIX04B,0,2,NO_ACCESS_PORTS,,,,NO_MACS,,NO,WEAK,No MACs; the other endpoint data source still has entries
DDC1-USON-DSW2,426,USON_ENC_CITRIX04C,10.9.26.252/24,0026.9822.8bc3,"Cisco Systems, Inc",USON_ENC_CITRIX04C,0,2,NO_ACCESS_PORTS,,,,NO_MACS,,NO,WEAK,No MACs; the other endpoint data source still has entries
DDC1-USON-DSW2,427,USON_ENC_CITRIX04D,10.9.27.252/24,0026.9822.8bc3,"Cisco Systems, Inc",USON_ENC_CITRIX04D,0,2,NO_ACCESS_PORTS,,,,NO_MACS,,NO,WEAK,No MACs; the other endpoint data source still has entries
DDC1-USON-DSW2,428,USON_ENC_CITRIX04E,10.9.28.252/24,0026.9822.8bc3,"Cisco Systems, Inc",USON_ENC_CITRIX04E,0,2,NO_ACCESS_PORTS,,,,NO_MACS,,NO,WEAK,No MACs; the other endpoint data source still has entries
DDC1-USON-DSW2,432,USON_ENC_CITRIX05A,10.9.32.252/24,0026.9822.8bc3,"Cisco Systems, Inc",USON_ENC_CITRIX05A,0,2,NO_ACCESS_PORTS,,,,NO_MACS,,NO,WEAK,No MACs; the other endpoint data source still has entries
DDC1-USON-DSW2,433,USON_ENC_CITRIX05B,10.9.33.252/24,0026.9822.8bc3,"Cisco Systems, Inc",USON_ENC_CITRIX05B,0,2,NO_ACCESS_PORTS,,,,NO_MACS,,NO,WEAK,No MACs; the other endpoint data source still has entries
DDC1-USON-DSW2,434,USON_ENC_CITRIX05C,10.9.34.252/24,0026.9822.8bc3,"Cisco Systems, Inc",USON_ENC_CITRIX05C,0,2,NO_ACCESS_PORTS,,,,NO_MACS,,NO,WEAK,No MACs; the other endpoint data source still has entries
DDC1-USON-DSW2,435,USON_ENC_CITRIX05D,10.9.35.252/24,0026.9822.8bc3,"Cisco Systems, Inc",USON_ENC_CITRIX05D,0,2,NO_ACCESS_PORTS,,,,NO_MACS,,NO,WEAK,No MACs; the other endpoint data source still has entries
DDC1-USON-DSW2,436,USON_ENC_CITRIX05E,10.9.36.252/24,0026.9822.8bc3,"Cisco Systems, Inc",USON_ENC_CITRIX05E,0,2,NO_ACCESS_PORTS,,,,NO_MACS,,NO,WEAK,No MACs; the other endpoint data source still has entries
DDC1-USON-DSW2,440,USON_ENC_CITRIX06A,10.9.40.252/24,0026.9822.8bc3,"Cisco Systems, Inc",USON_ENC_CITRIX06A,0,2,NO_ACCESS_PORTS,,,,NO_MACS,,NO,WEAK,No MACs; the other endpoint data source still has entries
DDC1-USON-DSW2,441,USON_ENC_CITRIX06B,10.9.41.252/24,0026.9822.8bc3,"Cisco Systems, Inc",USON_ENC_CITRIX06B,0,2,NO_ACCESS_PORTS,,,,NO_MACS,,NO,WEAK,No MACs; the other endpoint data source still has entries
DDC1-USON-DSW2,442,USON_ENC_CITRIX06C,10.9.42.252/24,0026.9822.8bc3,"Cisco Systems, Inc",USON_ENC_CITRIX06C,0,2,NO_ACCESS_PORTS,,,,NO_MACS,,NO,WEAK,No MACs; the other endpoint data source still has entries
DDC1-USON-DSW2,443,USON_ENC_CITRIX06D,10.9.43.252/24,0026.9822.8bc3,"Cisco Systems, Inc",USON_ENC_CITRIX06D,0,2,NO_ACCESS_PORTS,,,,NO_MACS,,NO,WEAK,No MACs; the other endpoint data source still has entries
DDC1-USON-DSW2,444,USON_ENC_CITRIX06E,10.9.44.252/24,0026.9822.8bc3,"Cisco Systems, Inc",USON_ENC_CITRIX06E,0,2,NO_ACCESS_PORTS,,,,NO_MACS,,NO,WEAK,No MACs; the other endpoint data source still has entries
DDC1-USON-DSW2,448,USON_ENC_CITRIX07A,10.9.48.252/24,0026.9822.8bc3,"Cisco Systems, Inc",USON_ENC_CITRIX07A,0,2,NO_ACCESS_PORTS,,,,NO_MACS,,NO,WEAK,No MACs; the other endpoint data source still has entries
DDC1-USON-DSW2,449,USON_ENC_CITRIX07B,10.9.49.252/24,0026.9822.8bc3,"Cisco Systems, Inc",USON_ENC_CITRIX07B,0,2,NO_ACCESS_PORTS,,,,NO_MACS,,NO,WEAK,No MACs; the other endpoint data source still has entries
DDC1-USON-DSW2,450,USON_ENC_CITRIX07C,10.9.50.252/24,0026.9822.8bc3,"Cisco Systems, Inc",USON_ENC_CITRIX07C,0,2,NO_ACCESS_PORTS,,,,NO_MACS,,NO,WEAK,No MACs; the other endpoint data source still has entries
DDC1-USON-DSW2,451,USON_ENC_CITRIX07D,10.9.51.252/24,0026.9822.8bc3,"Cisco Systems, Inc",USON_ENC_CITRIX07D,0,2,NO_ACCESS_PORTS,,,,NO_MACS,,NO,WEAK,No MACs; the other endpoint data source still has entries
DDC1-USON-DSW2,452,USON_ENC_CITRIX07E,10.9.52.252/24,0026.9822.8bc3,"Cisco Systems, Inc",USON_ENC_CITRIX07E,0,2,NO_ACCESS_PORTS,,,,NO_MACS,,NO,WEAK,No MACs; the other endpoint data source still has entries
DDC1-USON-DSW2,456,USON_ENC_CITRIX08A,10.9.56.252/24,0026.9822.8bc3,"Cisco Systems, Inc",USON_ENC_CITRIX08A,0,2,NO_ACCESS_PORTS,,,,NO_MACS,,NO,WEAK,No MACs; the other endpoint data source still has entries
DDC1-USON-DSW2,457,USON_ENC_CITRIX08B,10.9.57.252/24,0026.9822.8bc3,"Cisco Systems, Inc",USON_ENC_CITRIX08B,0,2,NO_ACCESS_PORTS,,,,NO_MACS,,NO,WEAK,No MACs; the other endpoint data source still has entries
DDC1-USON-DSW2,458,USON_ENC_CITRIX08C,10.9.58.252/24,0026.9822.8bc3,"Cisco Systems, Inc",USON_ENC_CITRIX08C,0,2,NO_ACCESS_PORTS,,,,NO_MACS,,NO,WEAK,No MACs; the other endpoint data source still has entries
DDC1-USON-DSW2,459,USON_ENC_CITRIX08D,10.9.59.252/24,0026.9822.8bc3,"Cisco Systems, Inc",USON_ENC_CITRIX08D,0,2,NO_ACCESS_PORTS,,,,NO_MACS,,NO,WEAK,No MACs; the other endpoint data source still has entries
DDC1-USON-DSW2,460,USON_ENC_CITRIX08E,10.9.63.252/22,0026.9822.8bc3,"Cisco Systems, Inc",USON_ENC_CITRIX08E,0,2,NO_ACCESS_PORTS,,,,NO_MACS,,NO,WEAK,No MACs; the other endpoint data source still has entries
DDC1-USON-DSW2,461,USON_BAK,,,,,1,0,TRAFFIC_DETECTED,Po11,b40c.25e5.4045,Palo Alto Networks,MISSING_ARP,b40c.25e5.4045,NO,WEAK,No ARP entries; the other endpoint data source still has entries
DDC1-USON-DSW2,464,USON_ENC_CITRIX09A,10.9.64.252/24,0026.9822.8bc3,"Cisco Systems, Inc",USON_ENC_CITRIX09A,0,0,TRAFFIC_UNAVAILABLE,Vlan464,,,NO_MACS,,NO,MODERATE,No MACs or ARPs; traffic could not be confirmed
DDC1-USON-DSW2,465,USON_ENC_CITRIX09B,10.9.65.252/24,0026.9822.8bc3,"Cisco Systems, Inc",USON_ENC_CITRIX09B,0,0,TRAFFIC_UNAVAILABLE,Vlan465,,,NO_MACS,,NO,MODERATE,No MACs or ARPs; traffic could not be confirmed
DDC1-USON-DSW2,466,USON_ENC_CITRIX09C,10.9.66.252/24,0026.9822.8bc3,"Cisco Systems, Inc",USON_ENC_CITRIX09C,0,0,TRAFFIC_UNAVAILABLE,Vlan466,,,NO_MACS,,NO,MODERATE,No MACs or ARPs; traffic could not be confirmed
DDC1-USON-DSW2,467,USON_ENC_CITRIX09D,10.9.67.252/24,0026.9822.8bc3,"Cisco Systems, Inc",USON_ENC_CITRIX09D,0,0,TRAFFIC_UNAVAILABLE,Vlan467,,,NO_MACS,,NO,MODERATE,No MACs or ARPs; traffic could not be confirmed
DDC1-USON-DSW2,468,USON_ENC_CITRIX09E,10.9.68.252/24,0026.9822.8bc3,"Cisco Systems, Inc",USON_ENC_CITRIX09E,0,0,TRAFFIC_UNAVAILABLE,Vlan468,,,NO_MACS,,NO,MODERATE,No MACs or ARPs; traffic could not be confirmed
DDC1-USON-DSW2,469,DDCDIDXTST01-hmc,,,,,0,0,TRAFFIC_UNAVAILABLE,Vlan469,,,NO_MACS,,NO,MODERATE,No MACs or ARPs; traffic could not be confirmed
DDC1-USON-DSW2,500,USON_DataDomain_Bak,10.9.75.252/22,0026.9822.8bc3,"Cisco Systems, Inc",USON_DataDomain_Bak,2,2,TRAFFIC_DETECTED,Eth4/12,0060.1698.d516; 0060.16b6.0fbe,CLARIION; CLARIION,PASS,,NO,NONE,Active MAC and ARP entries detected
DDC1-USON-DSW2,800,DDCDXPIDX-HMC,,,,,0,0,TRAFFIC_UNAVAILABLE,Vlan800,,,NO_MACS,,NO,MODERATE,No MACs or ARPs; traffic could not be confirmed
DDC1-USON-DSW2,1700,USON_ECFW_ASP,10.255.191.35/29,0026.9822.8bc3,"Cisco Systems, Inc",USON_ECFW_ASP,1,2,NO_ACCESS_PORTS,,b40c.25e5.4011,Palo Alto Networks,PASS,,NO,NONE,Active MAC and ARP entries detected
DDC1-USON-DSW2,3939,VM_non-routed-2,,,,,0,0,TRAFFIC_UNAVAILABLE,Vlan3939,,,NO_MACS,,NO,MODERATE,No MACs or ARPs; traffic could not be confirmed
DDC1-USONME-ASW1,1,default,,,,,0,0,TRAFFIC_UNAVAILABLE,Vlan1,,,NO_MACS,,YES,NONE,STP root bridge; do not recommend shutdown without topology review
DDC1-USONME-ASW1,100,ASAFW_ME,,,,,1,0,TRAFFIC_DETECTED,Eth1/9,80b7.092f.0764,"Viptela, Inc",MISSING_ARP,80b7.092f.0764,YES,NONE,STP root bridge; do not recommend shutdown without topology review
DDC1-USONME-ASW1,101,MGMT,,,,,0,0,TRAFFIC_UNAVAILABLE,Vlan101,,,NO_MACS,,YES,NONE,STP root bridge; do not recommend shutdown without topology review
DDC1-USONME-ASW1,183,DMZ_ISP,,,,,0,0,TRAFFIC_UNAVAILABLE,Vlan183,,,NO_MACS,,NO,MODERATE,No MACs or ARPs; traffic could not be confirmed
DDC1-USONME-ASW1,184,DMZ_eVPN,,,,,0,0,TRAFFIC_UNAVAILABLE,Vlan184,,,NO_MACS,,YES,NONE,STP root bridge; do not recommend shutdown without topology review
DDC1-USONME-ASW1,200,DDC1-INTRAF-ME-TRANSIT,,,,,2,0,TRAFFIC_DETECTED,Eth1/13,ac17.c824.e6ac; cc03.d924.e6ac,Cisco Meraki; Cisco Meraki,MISSING_ARP,ac17.c824.e6ac; cc03.d924.e6ac,YES,NONE,STP root bridge; do not recommend shutdown without topology review
DDC1-USONME-ASW1,300,Viptela-VRT1-MPLS-CL-1-Private5,,,,,1,0,TRAFFIC_DETECTED,Eth1/9,80b7.092f.0764,"Viptela, Inc",MISSING_ARP,80b7.092f.0764,YES,NONE,STP root bridge; do not recommend shutdown without topology review
DDC1-USONME-ASW1,301,Viptela-VRT1-MPLS-CL-2-Private6,,,,,1,0,TRAFFIC_DETECTED,Eth1/9,80b7.092f.0764,"Viptela, Inc",MISSING_ARP,80b7.092f.0764,YES,NONE,STP root bridge; do not recommend shutdown without topology review
DDC1-USONME-ASW1,302,Viptela-VRT2-MPLS-CL-1-Private6,,,,,0,0,TRAFFIC_UNAVAILABLE,Vlan302,,,NO_MACS,,YES,NONE,STP root bridge; do not recommend shutdown without topology review
DDC1-USONME-ASW1,303,Viptela-VRT2-MPLS-CL-2-Private5,,,,,0,0,TRAFFIC_UNAVAILABLE,Vlan303,,,NO_MACS,,YES,NONE,STP root bridge; do not recommend shutdown without topology review
DDC1-USONME-ASW1,310,Viptela-VRT1-MPLS-ATT-1-Private1,,,,,1,0,TRAFFIC_DETECTED,Eth1/9,80b7.092f.0764,"Viptela, Inc",MISSING_ARP,80b7.092f.0764,YES,NONE,STP root bridge; do not recommend shutdown without topology review
DDC1-USONME-ASW1,311,Viptela-VRT1-MPLS-ATT-2-Private2,,,,,1,0,TRAFFIC_DETECTED,Eth1/9,80b7.092f.0764,"Viptela, Inc",MISSING_ARP,80b7.092f.0764,YES,NONE,STP root bridge; do not recommend shutdown without topology review
DDC1-USONME-ASW1,312,Viptela-VRT2-MPLS-ATT-1-Private2,,,,,0,0,TRAFFIC_UNAVAILABLE,Vlan312,,,NO_MACS,,YES,NONE,STP root bridge; do not recommend shutdown without topology review
DDC1-USONME-ASW1,313,Viptela-VRT2-MPLS-ATT-2-Private1,,,,,0,0,TRAFFIC_UNAVAILABLE,Vlan313,,,NO_MACS,,YES,NONE,STP root bridge; do not recommend shutdown without topology review
DDC1-USONME-ASW1,1492,Firewall-2-vrf-bu10001,,,,,1,0,TRAFFIC_DETECTED,Eth1/9,80b7.092f.0764,"Viptela, Inc",MISSING_ARP,80b7.092f.0764,YES,NONE,STP root bridge; do not recommend shutdown without topology review
DDC1-USONME-ASW1,1494,Firewall-2-vrf-bu10002,,,,,0,0,TRAFFIC_UNAVAILABLE,Vlan1494,,,NO_MACS,,YES,NONE,STP root bridge; do not recommend shutdown without topology review
DDC1-USONME-ASW1,1496,Firewall-2-vrf-bu10003,,,,,0,0,TRAFFIC_UNAVAILABLE,Vlan1496,,,NO_MACS,,YES,NONE,STP root bridge; do not recommend shutdown without topology review
DDC1-USONME-ASW1,1500,Firewall-2-vrf-bu45782,,,,,1,0,TRAFFIC_DETECTED,Eth1/9,80b7.092f.0764,"Viptela, Inc",MISSING_ARP,80b7.092f.0764,YES,NONE,STP root bridge; do not recommend shutdown without topology review
DDC1-USONME-ASW1,1502,Firewall-2-vrf-bu53833,,,,,1,0,TRAFFIC_DETECTED,Eth1/9,80b7.092f.0764,"Viptela, Inc",MISSING_ARP,80b7.092f.0764,YES,NONE,STP root bridge; do not recommend shutdown without topology review
DDC1-USONME-ASW1,1504,Firewall-2-vrf-bu56884,,,,,0,0,TRAFFIC_UNAVAILABLE,Vlan1504,,,NO_MACS,,YES,NONE,STP root bridge; do not recommend shutdown without topology review
DDC1-USONME-ASW1,1506,Firewall-2-vrf-bu42645,,,,,0,0,TRAFFIC_UNAVAILABLE,Vlan1506,,,NO_MACS,,YES,NONE,STP root bridge; do not recommend shutdown without topology review
DDC1-USONME-ASW1,1508,Firewall-2-vrf-bu48747,,,,,0,0,TRAFFIC_UNAVAILABLE,Vlan1508,,,NO_MACS,,YES,NONE,STP root bridge; do not recommend shutdown without topology review
DDC1-USONME-ASW1,1510,Firewall-2-vrf-bu30402,,,,,1,0,TRAFFIC_DETECTED,Eth1/9,80b7.092f.0764,"Viptela, Inc",MISSING_ARP,80b7.092f.0764,YES,NONE,STP root bridge; do not recommend shutdown without topology review
DDC1-USONME-ASW1,1512,Firewall-2-vrf-bu14000,,,,,0,0,TRAFFIC_UNAVAILABLE,Vlan1512,,,NO_MACS,,YES,NONE,STP root bridge; do not recommend shutdown without topology review
DDC1-USONME-ASW1,1514,Firewall-2-vrf-bu14082,,,,,1,0,TRAFFIC_DETECTED,Eth1/9,80b7.092f.0764,"Viptela, Inc",MISSING_ARP,80b7.092f.0764,YES,NONE,STP root bridge; do not recommend shutdown without topology review
DDC1-USONME-ASW1,1516,Firewall-2-vrf-bu13062,,,,,1,0,TRAFFIC_DETECTED,Eth1/9,80b7.092f.0764,"Viptela, Inc",MISSING_ARP,80b7.092f.0764,YES,NONE,STP root bridge; do not recommend shutdown without topology review
DDC1-USONME-ASW1,1518,Firewall-2-vrf-bu16122,,,,,0,0,TRAFFIC_UNAVAILABLE,Vlan1518,,,NO_MACS,,YES,NONE,STP root bridge; do not recommend shutdown without topology review
DDC1-USONME-ASW1,1520,Firewall-2-vrf-bu19193,,,,,0,0,TRAFFIC_UNAVAILABLE,Vlan1520,,,NO_MACS,,YES,NONE,STP root bridge; do not recommend shutdown without topology review
DDC1-USONME-ASW1,1522,Firewall-2-vrf-bu23263,,,,,0,0,TRAFFIC_UNAVAILABLE,Vlan1522,,,NO_MACS,,YES,NONE,STP root bridge; do not recommend shutdown without topology review
DDC1-USONME-ASW1,1524,Firewall-2-vrf-bu42702,,,,,1,0,TRAFFIC_DETECTED,Eth1/9,80b7.092f.0764,"Viptela, Inc",MISSING_ARP,80b7.092f.0764,YES,NONE,STP root bridge; do not recommend shutdown without topology review
DDC1-USONME-ASW1,1526,Firewall-2-vrf-bu35502,,,,,0,0,TRAFFIC_UNAVAILABLE,Vlan1526,,,NO_MACS,,YES,NONE,STP root bridge; do not recommend shutdown without topology review
DDC1-USONME-ASW1,1528,Firewall-2-vrf-bu38562,,,,,0,0,TRAFFIC_UNAVAILABLE,Vlan1528,,,NO_MACS,,YES,NONE,STP root bridge; do not recommend shutdown without topology review
DDC1-USONME-ASW1,1530,Firewall-2-vrf-bu33462,,,,,0,0,TRAFFIC_UNAVAILABLE,Vlan1530,,,NO_MACS,,YES,NONE,STP root bridge; do not recommend shutdown without topology review
DDC1-USONME-ASW1,1532,Firewall-2-vrf-bu47722,,,,,1,0,TRAFFIC_DETECTED,Eth1/9,80b7.092f.0764,"Viptela, Inc",MISSING_ARP,80b7.092f.0764,YES,NONE,STP root bridge; do not recommend shutdown without topology review
DDC1-USONME-ASW1,1534,Firewall-2-vrf-bu42902,,,,,0,0,TRAFFIC_UNAVAILABLE,Vlan1534,,,NO_MACS,,YES,NONE,STP root bridge; do not recommend shutdown without topology review
DDC1-USONME-ASW1,1536,Firewall-2-vrf-bu45785,,,,,0,0,TRAFFIC_UNAVAILABLE,Vlan1536,,,NO_MACS,,YES,NONE,STP root bridge; do not recommend shutdown without topology review
DDC1-USONME-ASW1,1538,Firewall-2-vrf-EAST,,,,,0,0,TRAFFIC_UNAVAILABLE,Vlan1538,,,NO_MACS,,YES,NONE,STP root bridge; do not recommend shutdown without topology review
DDC1-USONME-ASW1,1540,Firewall-2-vrf-bu47732,,,,,1,0,TRAFFIC_DETECTED,Eth1/9,80b7.092f.0764,"Viptela, Inc",MISSING_ARP,80b7.092f.0764,YES,NONE,STP root bridge; do not recommend shutdown without topology review
DDC1-USONME-ASW1,1542,Firewall-2-vrf-bu35507,,,,,0,0,TRAFFIC_UNAVAILABLE,Vlan1542,,,NO_MACS,,YES,NONE,STP root bridge; do not recommend shutdown without topology review
DDC1-USONME-ASW1,1544,Firewall-2-vrf-bu56883,,,,,1,0,TRAFFIC_DETECTED,Eth1/9,80b7.092f.0764,"Viptela, Inc",MISSING_ARP,80b7.092f.0764,YES,NONE,STP root bridge; do not recommend shutdown without topology review
DDC1-USONME-ASW1,1546,Firewall-2-vrf-bu56888,,,,,0,0,TRAFFIC_UNAVAILABLE,Vlan1546,,,NO_MACS,,YES,NONE,STP root bridge; do not recommend shutdown without topology review
DDC1-USONME-ASW1,1548,Firewall-2-vrf-bu19212,,,,,0,0,TRAFFIC_UNAVAILABLE,Vlan1548,,,NO_MACS,,YES,NONE,STP root bridge; do not recommend shutdown without topology review
DDC1-USONME-ASW1,1550,Firewall-2-vrf-bu19203,,,,,1,0,TRAFFIC_DETECTED,Eth1/9,80b7.092f.0764,"Viptela, Inc",MISSING_ARP,80b7.092f.0764,YES,NONE,STP root bridge; do not recommend shutdown without topology review
DDC1-USONME-ASW1,1552,Firewall-2-vrf-bu19502,,,,,1,0,TRAFFIC_DETECTED,Eth1/9,80b7.092f.0764,"Viptela, Inc",MISSING_ARP,80b7.092f.0764,YES,NONE,STP root bridge; do not recommend shutdown without topology review
DDC1-USONME-ASW1,1554,Firewall-2-vrf-WEST,,,,,0,0,TRAFFIC_UNAVAILABLE,Vlan1554,,,NO_MACS,,YES,NONE,STP root bridge; do not recommend shutdown without topology review
DDC1-USONME-ASW1,1556,Firewall-2-vrf-bu15201,,,,,0,0,TRAFFIC_UNAVAILABLE,Vlan1556,,,NO_MACS,,YES,NONE,STP root bridge; do not recommend shutdown without topology review
DDC1-USONME-ASW1,1558,Firewall-2-vrf-bu29001,,,,,0,0,TRAFFIC_UNAVAILABLE,Vlan1558,,,NO_MACS,,YES,NONE,STP root bridge; do not recommend shutdown without topology review
DDC1-USONME-ASW1,1601,ERT1-vrf-Default-grt1,,,,,1,0,TRAFFIC_DETECTED,Eth1/47,001b.bc25.33b2,"Silver Peak Systems, Inc.",MISSING_ARP,001b.bc25.33b2,YES,NONE,STP root bridge; do not recommend shutdown without topology review
DDC1-USONME-ASW1,1602,unused,,,,,0,0,TRAFFIC_UNAVAILABLE,Vlan1602,,,NO_MACS,,YES,NONE,STP root bridge; do not recommend shutdown without topology review
DDC1-USONME-ASW1,1603,unused2,,,,,0,0,TRAFFIC_UNAVAILABLE,Vlan1603,,,NO_MACS,,YES,NONE,STP root bridge; do not recommend shutdown without topology review
DDC1-USONME-ASW1,1604,ERT1-vrf-Default-grt2,,,,,0,0,TRAFFIC_UNAVAILABLE,Vlan1604,,,NO_MACS,,YES,NONE,STP root bridge; do not recommend shutdown without topology review
DDC1-USONME-ASW1,1610,Blue_Ridge_Cancer_Care,,,,,2,0,TRAFFIC_DETECTED,Eth1/48; Po20,001b.bc25.2c12; b40c.25e5.4010,"Silver Peak Systems, Inc.; Palo Alto Networks",MISSING_ARP,001b.bc25.2c12; b40c.25e5.4010,YES,NONE,STP root bridge; do not recommend shutdown without topology review
DDC1-USONME-ASW1,1611,Missouri_Cancer_Associates,,,,,2,0,TRAFFIC_DETECTED,Eth1/47; Po20,001b.bc25.33b2; b40c.25e5.4010,"Silver Peak Systems, Inc.; Palo Alto Networks",MISSING_ARP,001b.bc25.33b2; b40c.25e5.4010,YES,NONE,STP root bridge; do not recommend shutdown without topology review
DDC1-USONME-ASW1,1612,Regional_Cancer_Care_Associates,,,,,2,0,TRAFFIC_DETECTED,Eth1/48; Po20,001b.bc25.2c12; b40c.25e5.4010,"Silver Peak Systems, Inc.; Palo Alto Networks",MISSING_ARP,001b.bc25.2c12; b40c.25e5.4010,YES,NONE,STP root bridge; do not recommend shutdown without topology review
DDC1-USONME-ASW1,1613,Test_Practice,,,,,2,0,TRAFFIC_DETECTED,Eth1/47; Po20,001b.bc25.33b2; b40c.25e5.4010,"Silver Peak Systems, Inc.; Palo Alto Networks",MISSING_ARP,001b.bc25.33b2; b40c.25e5.4010,YES,NONE,STP root bridge; do not recommend shutdown without topology review
DDC1-USONME-ASW1,1614,Minnesota_Oncology_Hematology,,,,,2,0,TRAFFIC_DETECTED,Eth1/47; Po20,001b.bc25.33b2; b40c.25e5.4010,"Silver Peak Systems, Inc.; Palo Alto Networks",MISSING_ARP,001b.bc25.33b2; b40c.25e5.4010,YES,NONE,STP root bridge; do not recommend shutdown without topology review
DDC1-USONME-ASW1,1615,South_Flordia_Oncology_Hematolog,,,,,2,0,TRAFFIC_DETECTED,Eth1/48; Po20,001b.bc25.2c12; b40c.25e5.4010,"Silver Peak Systems, Inc.; Palo Alto Networks",MISSING_ARP,001b.bc25.2c12; b40c.25e5.4010,YES,NONE,STP root bridge; do not recommend shutdown without topology review
DDC1-USONME-ASW1,1616,Texas_Oncology,,,,,2,0,TRAFFIC_DETECTED,Eth1/47; Po20,001b.bc25.33b2; b40c.25e5.4010,"Silver Peak Systems, Inc.; Palo Alto Networks",MISSING_ARP,001b.bc25.33b2; b40c.25e5.4010,YES,NONE,STP root bridge; do not recommend shutdown without topology review
DDC1-USONME-ASW1,1617,Rocky_Mountain_Cancer_Centers,,,,,2,0,TRAFFIC_DETECTED,Eth1/48; Po20,001b.bc25.2c12; b40c.25e5.4010,"Silver Peak Systems, Inc.; Palo Alto Networks",MISSING_ARP,001b.bc25.2c12; b40c.25e5.4010,YES,NONE,STP root bridge; do not recommend shutdown without topology review
DDC1-USONME-ASW1,1618,Willamette_Valley_Cancer_Insti,,,,,2,0,TRAFFIC_DETECTED,Eth1/48; Po20,001b.bc25.2c12; b40c.25e5.4010,"Silver Peak Systems, Inc.; Palo Alto Networks",MISSING_ARP,001b.bc25.2c12; b40c.25e5.4010,YES,NONE,STP root bridge; do not recommend shutdown without topology review
DDC1-USONME-ASW1,1619,Shenandoah_Oncology,,,,,2,0,TRAFFIC_DETECTED,Eth1/47; Po20,001b.bc25.33b2; b40c.25e5.4010,"Silver Peak Systems, Inc.; Palo Alto Networks",MISSING_ARP,001b.bc25.33b2; b40c.25e5.4010,YES,NONE,STP root bridge; do not recommend shutdown without topology review
DDC1-USONME-ASW1,1620,Illinois_Cancer_Care,,,,,2,0,TRAFFIC_DETECTED,Eth1/48; Po20,001b.bc25.2c12; b40c.25e5.4010,"Silver Peak Systems, Inc.; Palo Alto Networks",MISSING_ARP,001b.bc25.2c12; b40c.25e5.4010,YES,NONE,STP root bridge; do not recommend shutdown without topology review
DDC1-USONME-ASW1,1621,Cancer_Care_Northwest,,,,,2,0,TRAFFIC_DETECTED,Eth1/47; Po20,001b.bc25.33b2; b40c.25e5.4010,"Silver Peak Systems, Inc.; Palo Alto Networks",MISSING_ARP,001b.bc25.33b2; b40c.25e5.4010,YES,NONE,STP root bridge; do not recommend shutdown without topology review
DDC1-USONME-ASW1,1622,Woodlands_Medical_Specialist,,,,,2,0,TRAFFIC_DETECTED,Eth1/48; Po20,001b.bc25.2c12; b40c.25e5.4010,"Silver Peak Systems, Inc.; Palo Alto Networks",MISSING_ARP,001b.bc25.2c12; b40c.25e5.4010,YES,NONE,STP root bridge; do not recommend shutdown without topology review
DDC1-USONME-ASW1,1623,Cancer_Care_Centers_of_Brevard,,,,,2,0,TRAFFIC_DETECTED,Eth1/47; Po20,001b.bc25.33b2; b40c.25e5.4010,"Silver Peak Systems, Inc.; Palo Alto Networks",MISSING_ARP,001b.bc25.33b2; b40c.25e5.4010,YES,NONE,STP root bridge; do not recommend shutdown without topology review
DDC1-USONME-ASW1,1624,Medical_Oncology_Hematology_CO,,,,,2,0,TRAFFIC_DETECTED,Eth1/48; Po20,001b.bc25.2c12; b40c.25e5.4010,"Silver Peak Systems, Inc.; Palo Alto Networks",MISSING_ARP,001b.bc25.2c12; b40c.25e5.4010,YES,NONE,STP root bridge; do not recommend shutdown without topology review
DDC1-USONME-ASW1,1625,Virginia_Cancer_Specialists,,,,,2,0,TRAFFIC_DETECTED,Eth1/47; Po20,001b.bc25.33b2; b40c.25e5.4010,"Silver Peak Systems, Inc.; Palo Alto Networks",MISSING_ARP,001b.bc25.33b2; b40c.25e5.4010,YES,NONE,STP root bridge; do not recommend shutdown without topology review
DDC1-USONME-ASW2,1,default,,b4de.3143.577d,"Cisco Systems, Inc",,0,0,TRAFFIC_UNAVAILABLE,Vlan1,,,NO_MACS,,YES,NONE,STP root bridge; do not recommend shutdown without topology review
DDC1-USONME-ASW2,100,ASAFW_ME,,,,,2,0,TRAFFIC_DETECTED,Eth1/9; Po17,80b7.0913.4ff4; b40c.25e5.0010,"Viptela, Inc; Palo Alto Networks",MISSING_ARP,80b7.0913.4ff4; b40c.25e5.0010,YES,NONE,STP root bridge; do not recommend shutdown without topology review
DDC1-USONME-ASW2,101,MGMT,,,,,0,0,TRAFFIC_UNAVAILABLE,Vlan101,,,NO_MACS,,YES,NONE,STP root bridge; do not recommend shutdown without topology review
DDC1-USONME-ASW2,184,DMZ_eVPN,,,,,2,0,TRAFFIC_DETECTED,Po17; Eth1/4,b40c.25e5.0010; b40c.25ef.8045,Palo Alto Networks; Palo Alto Networks,MISSING_ARP,b40c.25e5.0010; b40c.25ef.8045,YES,NONE,STP root bridge; do not recommend shutdown without topology review
DDC1-USONME-ASW2,200,DDC1-INTRAF-ME-TRANSIT,,,,,2,0,TRAFFIC_DETECTED,Eth1/13; Po17,ac17.c824.f228; b40c.25e5.0010,Cisco Meraki; Palo Alto Networks,MISSING_ARP,ac17.c824.f228; b40c.25e5.0010,YES,NONE,STP root bridge; do not recommend shutdown without topology review
DDC1-USONME-ASW2,300,Viptela-VRT1-MPLS-CL-1-Private5,,,,,0,0,TRAFFIC_UNAVAILABLE,Vlan300,,,NO_MACS,,YES,NONE,STP root bridge; do not recommend shutdown without topology review
DDC1-USONME-ASW2,301,Viptela-VRT1-MPLS-CL-2-Private6,,,,,0,0,TRAFFIC_UNAVAILABLE,Vlan301,,,NO_MACS,,YES,NONE,STP root bridge; do not recommend shutdown without topology review
DDC1-USONME-ASW2,302,Viptela-VRT2-MPLS-CL-1-Private6,,,,,1,0,TRAFFIC_DETECTED,Eth1/9,80b7.0913.4ff4,"Viptela, Inc",MISSING_ARP,80b7.0913.4ff4,YES,NONE,STP root bridge; do not recommend shutdown without topology review
DDC1-USONME-ASW2,303,Viptela-VRT2-MPLS-CL-2-Private5,,,,,1,0,TRAFFIC_DETECTED,Eth1/9,80b7.0913.4ff4,"Viptela, Inc",MISSING_ARP,80b7.0913.4ff4,YES,NONE,STP root bridge; do not recommend shutdown without topology review
DDC1-USONME-ASW2,310,Viptela-VRT1-MPLS-ATT-1-Private1,,,,,0,0,TRAFFIC_UNAVAILABLE,Vlan310,,,NO_MACS,,YES,NONE,STP root bridge; do not recommend shutdown without topology review
DDC1-USONME-ASW2,311,Viptela-VRT1-MPLS-ATT-2-Private2,,,,,0,0,TRAFFIC_UNAVAILABLE,Vlan311,,,NO_MACS,,YES,NONE,STP root bridge; do not recommend shutdown without topology review
DDC1-USONME-ASW2,312,Viptela-VRT2-MPLS-ATT-1-Private2,,,,,1,0,TRAFFIC_DETECTED,Eth1/9,80b7.0913.4ff4,"Viptela, Inc",MISSING_ARP,80b7.0913.4ff4,YES,NONE,STP root bridge; do not recommend shutdown without topology review
DDC1-USONME-ASW2,313,Viptela-VRT2-MPLS-ATT-2-Private1,,,,,1,0,TRAFFIC_DETECTED,Eth1/9,80b7.0913.4ff4,"Viptela, Inc",MISSING_ARP,80b7.0913.4ff4,YES,NONE,STP root bridge; do not recommend shutdown without topology review
DDC1-USONME-ASW2,1492,Firewall-2-vrf-bu10001,,,,,2,0,TRAFFIC_DETECTED,Eth1/9; Po17,80b7.0913.4ff4; b40c.25e5.0010,"Viptela, Inc; Palo Alto Networks",MISSING_ARP,80b7.0913.4ff4; b40c.25e5.0010,YES,NONE,STP root bridge; do not recommend shutdown without topology review
DDC1-USONME-ASW2,1494,Firewall-2-vrf-bu10002,,,,,1,0,TRAFFIC_DETECTED,Po17,b40c.25e5.0010,Palo Alto Networks,MISSING_ARP,b40c.25e5.0010,YES,NONE,STP root bridge; do not recommend shutdown without topology review
DDC1-USONME-ASW2,1496,Firewall-2-vrf-bu10003,,,,,1,0,TRAFFIC_DETECTED,Po17,b40c.25e5.0010,Palo Alto Networks,MISSING_ARP,b40c.25e5.0010,YES,NONE,STP root bridge; do not recommend shutdown without topology review
DDC1-USONME-ASW2,1500,Firewall-2-vrf-bu45782,,,,,2,0,TRAFFIC_DETECTED,Eth1/9; Po17,80b7.0913.4ff4; b40c.25e5.0010,"Viptela, Inc; Palo Alto Networks",MISSING_ARP,80b7.0913.4ff4; b40c.25e5.0010,YES,NONE,STP root bridge; do not recommend shutdown without topology review
DDC1-USONME-ASW2,1502,Firewall-2-vrf-bu53833,,,,,2,0,TRAFFIC_DETECTED,Eth1/9; Po17,80b7.0913.4ff4; b40c.25e5.0010,"Viptela, Inc; Palo Alto Networks",MISSING_ARP,80b7.0913.4ff4; b40c.25e5.0010,YES,NONE,STP root bridge; do not recommend shutdown without topology review
DDC1-USONME-ASW2,1504,Firewall-2-vrf-bu56884,,,,,1,0,TRAFFIC_DETECTED,Po17,b40c.25e5.0010,Palo Alto Networks,MISSING_ARP,b40c.25e5.0010,YES,NONE,STP root bridge; do not recommend shutdown without topology review
DDC1-USONME-ASW2,1506,Firewall-2-vrf-bu42645,,,,,1,0,TRAFFIC_DETECTED,Po17,b40c.25e5.0010,Palo Alto Networks,MISSING_ARP,b40c.25e5.0010,YES,NONE,STP root bridge; do not recommend shutdown without topology review
DDC1-USONME-ASW2,1508,Firewall-2-vrf-bu48747,,,,,1,0,TRAFFIC_DETECTED,Po17,b40c.25e5.0010,Palo Alto Networks,MISSING_ARP,b40c.25e5.0010,YES,NONE,STP root bridge; do not recommend shutdown without topology review
DDC1-USONME-ASW2,1510,Firewall-2-vrf-bu30402,,,,,2,0,TRAFFIC_DETECTED,Eth1/9; Po17,80b7.0913.4ff4; b40c.25e5.0010,"Viptela, Inc; Palo Alto Networks",MISSING_ARP,80b7.0913.4ff4; b40c.25e5.0010,YES,NONE,STP root bridge; do not recommend shutdown without topology review
DDC1-USONME-ASW2,1512,Firewall-2-vrf-bu14000,,,,,1,0,TRAFFIC_DETECTED,Po17,b40c.25e5.0010,Palo Alto Networks,MISSING_ARP,b40c.25e5.0010,YES,NONE,STP root bridge; do not recommend shutdown without topology review
DDC1-USONME-ASW2,1514,Firewall-2-vrf-bu14082,,,,,2,0,TRAFFIC_DETECTED,Eth1/9; Po17,80b7.0913.4ff4; b40c.25e5.0010,"Viptela, Inc; Palo Alto Networks",MISSING_ARP,80b7.0913.4ff4; b40c.25e5.0010,YES,NONE,STP root bridge; do not recommend shutdown without topology review
DDC1-USONME-ASW2,1516,Firewall-2-vrf-bu13062,,,,,2,0,TRAFFIC_DETECTED,Eth1/9; Po17,80b7.0913.4ff4; b40c.25e5.0010,"Viptela, Inc; Palo Alto Networks",MISSING_ARP,80b7.0913.4ff4; b40c.25e5.0010,YES,NONE,STP root bridge; do not recommend shutdown without topology review
DDC1-USONME-ASW2,1518,Firewall-2-vrf-bu16122,,,,,1,0,TRAFFIC_DETECTED,Po17,b40c.25e5.0010,Palo Alto Networks,MISSING_ARP,b40c.25e5.0010,YES,NONE,STP root bridge; do not recommend shutdown without topology review
DDC1-USONME-ASW2,1520,Firewall-2-vrf-bu19193,,,,,1,0,TRAFFIC_DETECTED,Po17,b40c.25e5.0010,Palo Alto Networks,MISSING_ARP,b40c.25e5.0010,YES,NONE,STP root bridge; do not recommend shutdown without topology review
DDC1-USONME-ASW2,1522,Firewall-2-vrf-bu23263,,,,,1,0,TRAFFIC_DETECTED,Po17,b40c.25e5.0010,Palo Alto Networks,MISSING_ARP,b40c.25e5.0010,YES,NONE,STP root bridge; do not recommend shutdown without topology review
DDC1-USONME-ASW2,1524,Firewall-2-vrf-bu42702,,,,,2,0,TRAFFIC_DETECTED,Eth1/9; Po17,80b7.0913.4ff4; b40c.25e5.0010,"Viptela, Inc; Palo Alto Networks",MISSING_ARP,80b7.0913.4ff4; b40c.25e5.0010,YES,NONE,STP root bridge; do not recommend shutdown without topology review
DDC1-USONME-ASW2,1526,Firewall-2-vrf-bu35502,,,,,1,0,TRAFFIC_DETECTED,Po17,b40c.25e5.0010,Palo Alto Networks,MISSING_ARP,b40c.25e5.0010,YES,NONE,STP root bridge; do not recommend shutdown without topology review
DDC1-USONME-ASW2,1528,Firewall-2-vrf-bu38562,,,,,1,0,TRAFFIC_DETECTED,Po17,b40c.25e5.0010,Palo Alto Networks,MISSING_ARP,b40c.25e5.0010,YES,NONE,STP root bridge; do not recommend shutdown without topology review
DDC1-USONME-ASW2,1530,Firewall-2-vrf-bu33462,,,,,1,0,TRAFFIC_DETECTED,Po17,b40c.25e5.0010,Palo Alto Networks,MISSING_ARP,b40c.25e5.0010,YES,NONE,STP root bridge; do not recommend shutdown without topology review
DDC1-USONME-ASW2,1532,Firewall-2-vrf-bu47722,,,,,2,0,TRAFFIC_DETECTED,Eth1/9; Po17,80b7.0913.4ff4; b40c.25e5.0010,"Viptela, Inc; Palo Alto Networks",MISSING_ARP,80b7.0913.4ff4; b40c.25e5.0010,YES,NONE,STP root bridge; do not recommend shutdown without topology review
DDC1-USONME-ASW2,1534,Firewall-2-vrf-bu42902,,,,,1,0,TRAFFIC_DETECTED,Po17,b40c.25e5.0010,Palo Alto Networks,MISSING_ARP,b40c.25e5.0010,YES,NONE,STP root bridge; do not recommend shutdown without topology review
DDC1-USONME-ASW2,1536,Firewall-2-vrf-bu45785,,,,,1,0,TRAFFIC_DETECTED,Po17,b40c.25e5.0010,Palo Alto Networks,MISSING_ARP,b40c.25e5.0010,YES,NONE,STP root bridge; do not recommend shutdown without topology review
DDC1-USONME-ASW2,1538,Firewall-2-vrf-EAST,,,,,1,0,TRAFFIC_DETECTED,Po17,b40c.25e5.0010,Palo Alto Networks,MISSING_ARP,b40c.25e5.0010,YES,NONE,STP root bridge; do not recommend shutdown without topology review
DDC1-USONME-ASW2,1540,Firewall-2-vrf-bu47732,,,,,2,0,TRAFFIC_DETECTED,Eth1/9; Po17,80b7.0913.4ff4; b40c.25e5.0010,"Viptela, Inc; Palo Alto Networks",MISSING_ARP,80b7.0913.4ff4; b40c.25e5.0010,YES,NONE,STP root bridge; do not recommend shutdown without topology review
DDC1-USONME-ASW2,1542,Firewall-2-vrf-bu35507,,,,,1,0,TRAFFIC_DETECTED,Po17,b40c.25e5.0010,Palo Alto Networks,MISSING_ARP,b40c.25e5.0010,YES,NONE,STP root bridge; do not recommend shutdown without topology review
DDC1-USONME-ASW2,1544,Firewall-2-vrf-bu56883,,,,,2,0,TRAFFIC_DETECTED,Eth1/9; Po17,80b7.0913.4ff4; b40c.25e5.0010,"Viptela, Inc; Palo Alto Networks",MISSING_ARP,80b7.0913.4ff4; b40c.25e5.0010,YES,NONE,STP root bridge; do not recommend shutdown without topology review
DDC1-USONME-ASW2,1546,Firewall-2-vrf-bu56888,,,,,1,0,TRAFFIC_DETECTED,Po17,b40c.25e5.0010,Palo Alto Networks,MISSING_ARP,b40c.25e5.0010,YES,NONE,STP root bridge; do not recommend shutdown without topology review
DDC1-USONME-ASW2,1548,Firewall-2-vrf-bu19212,,,,,1,0,TRAFFIC_DETECTED,Po17,b40c.25e5.0010,Palo Alto Networks,MISSING_ARP,b40c.25e5.0010,YES,NONE,STP root bridge; do not recommend shutdown without topology review
DDC1-USONME-ASW2,1550,Firewall-2-vrf-bu19203,,,,,2,0,TRAFFIC_DETECTED,Eth1/9; Po17,80b7.0913.4ff4; b40c.25e5.0010,"Viptela, Inc; Palo Alto Networks",MISSING_ARP,80b7.0913.4ff4; b40c.25e5.0010,YES,NONE,STP root bridge; do not recommend shutdown without topology review
DDC1-USONME-ASW2,1552,Firewall-2-vrf-bu19502,,,,,2,0,TRAFFIC_DETECTED,Eth1/9; Po17,80b7.0913.4ff4; b40c.25e5.0010,"Viptela, Inc; Palo Alto Networks",MISSING_ARP,80b7.0913.4ff4; b40c.25e5.0010,YES,NONE,STP root bridge; do not recommend shutdown without topology review
DDC1-USONME-ASW2,1554,Firewall-2-vrf-WEST,,,,,1,0,TRAFFIC_DETECTED,Po17,b40c.25e5.0010,Palo Alto Networks,MISSING_ARP,b40c.25e5.0010,YES,NONE,STP root bridge; do not recommend shutdown without topology review
DDC1-USONME-ASW2,1556,Firewall-2-vrf-bu15201,,,,,1,0,TRAFFIC_DETECTED,Po17,b40c.25e5.0010,Palo Alto Networks,MISSING_ARP,b40c.25e5.0010,YES,NONE,STP root bridge; do not recommend shutdown without topology review
DDC1-USONME-ASW2,1558,Firewall-2-vrf-bu29001,,,,,1,0,TRAFFIC_DETECTED,Po17,b40c.25e5.0010,Palo Alto Networks,MISSING_ARP,b40c.25e5.0010,YES,NONE,STP root bridge; do not recommend shutdown without topology review
DDC1-USONME-ASW2,1601,ERT1-vrf-Default-grt1,,,,,0,0,TRAFFIC_UNAVAILABLE,Vlan1601,,,NO_MACS,,YES,NONE,STP root bridge; do not recommend shutdown without topology review
DDC1-USONME-ASW2,1602,unused,,,,,0,0,TRAFFIC_UNAVAILABLE,Vlan1602,,,NO_MACS,,YES,NONE,STP root bridge; do not recommend shutdown without topology review
DDC1-USONME-ASW2,1603,ArubaEC1-2-vrf-bu19203-sw2,,,,,0,0,TRAFFIC_UNAVAILABLE,Vlan1603,,,NO_MACS,,YES,NONE,STP root bridge; do not recommend shutdown without topology review
DDC1-USONME-ASW2,1604,unused2,,,,,1,0,TRAFFIC_DETECTED,Eth1/48,001b.bc25.2c13,"Silver Peak Systems, Inc.",MISSING_ARP,001b.bc25.2c13,YES,NONE,STP root bridge; do not recommend shutdown without topology review
DDC1-USONME-ASW2,1610,Blue_Ridge_Cancer_Care,,,,,1,0,TRAFFIC_DETECTED,Eth1/47,001b.bc25.33b3,"Silver Peak Systems, Inc.",MISSING_ARP,001b.bc25.33b3,YES,NONE,STP root bridge; do not recommend shutdown without topology review
DDC1-USONME-ASW2,1611,Missouri_Cancer_Associates,,,,,1,0,TRAFFIC_DETECTED,Eth1/48,001b.bc25.2c13,"Silver Peak Systems, Inc.",MISSING_ARP,001b.bc25.2c13,YES,NONE,STP root bridge; do not recommend shutdown without topology review
DDC1-USONME-ASW2,1612,Regional_Cancer_Care_Associates,,,,,1,0,TRAFFIC_DETECTED,Eth1/47,001b.bc25.33b3,"Silver Peak Systems, Inc.",MISSING_ARP,001b.bc25.33b3,YES,NONE,STP root bridge; do not recommend shutdown without topology review
DDC1-USONME-ASW2,1613,Test_Practice,,,,,1,0,TRAFFIC_DETECTED,Eth1/48,001b.bc25.2c13,"Silver Peak Systems, Inc.",MISSING_ARP,001b.bc25.2c13,YES,NONE,STP root bridge; do not recommend shutdown without topology review
DDC1-USONME-ASW2,1614,Minnesota_Oncology_Hematology,,,,,1,0,TRAFFIC_DETECTED,Eth1/48,001b.bc25.2c13,"Silver Peak Systems, Inc.",MISSING_ARP,001b.bc25.2c13,YES,NONE,STP root bridge; do not recommend shutdown without topology review
DDC1-USONME-ASW2,1615,South_Flordia_Oncology_Hematolog,,,,,1,0,TRAFFIC_DETECTED,Eth1/47,001b.bc25.33b3,"Silver Peak Systems, Inc.",MISSING_ARP,001b.bc25.33b3,YES,NONE,STP root bridge; do not recommend shutdown without topology review
DDC1-USONME-ASW2,1616,Texas_Oncology,,,,,1,0,TRAFFIC_DETECTED,Eth1/48,001b.bc25.2c13,"Silver Peak Systems, Inc.",MISSING_ARP,001b.bc25.2c13,YES,NONE,STP root bridge; do not recommend shutdown without topology review
DDC1-USONME-ASW2,1617,Rocky_Mountain_Cancer_Centers,,,,,1,0,TRAFFIC_DETECTED,Eth1/47,001b.bc25.33b3,"Silver Peak Systems, Inc.",MISSING_ARP,001b.bc25.33b3,YES,NONE,STP root bridge; do not recommend shutdown without topology review
DDC1-USONME-ASW2,1618,Willamette_Valley_Cancer_Insti,,,,,1,0,TRAFFIC_DETECTED,Eth1/47,001b.bc25.33b3,"Silver Peak Systems, Inc.",MISSING_ARP,001b.bc25.33b3,YES,NONE,STP root bridge; do not recommend shutdown without topology review
DDC1-USONME-ASW2,1619,Shenandoah_Oncology,,,,,1,0,TRAFFIC_DETECTED,Eth1/48,001b.bc25.2c13,"Silver Peak Systems, Inc.",MISSING_ARP,001b.bc25.2c13,YES,NONE,STP root bridge; do not recommend shutdown without topology review
DDC1-USONME-ASW2,1620,Illinois_Cancer_Care,,,,,1,0,TRAFFIC_DETECTED,Eth1/47,001b.bc25.33b3,"Silver Peak Systems, Inc.",MISSING_ARP,001b.bc25.33b3,YES,NONE,STP root bridge; do not recommend shutdown without topology review
DDC1-USONME-ASW2,1621,Cancer_Care_Northwest,,,,,1,0,TRAFFIC_DETECTED,Eth1/48,001b.bc25.2c13,"Silver Peak Systems, Inc.",MISSING_ARP,001b.bc25.2c13,YES,NONE,STP root bridge; do not recommend shutdown without topology review
DDC1-USONME-ASW2,1622,Woodlands_Medical_Specialist,,,,,1,0,TRAFFIC_DETECTED,Eth1/47,001b.bc25.33b3,"Silver Peak Systems, Inc.",MISSING_ARP,001b.bc25.33b3,YES,NONE,STP root bridge; do not recommend shutdown without topology review
DDC1-USONME-ASW2,1623,Cancer_Care_Centers_of_Brevard,,,,,1,0,TRAFFIC_DETECTED,Eth1/48,001b.bc25.2c13,"Silver Peak Systems, Inc.",MISSING_ARP,001b.bc25.2c13,YES,NONE,STP root bridge; do not recommend shutdown without topology review
DDC1-USONME-ASW2,1624,Medical_Oncology_Hematology_CO,,,,,1,0,TRAFFIC_DETECTED,Eth1/47,001b.bc25.33b3,"Silver Peak Systems, Inc.",MISSING_ARP,001b.bc25.33b3,YES,NONE,STP root bridge; do not recommend shutdown without topology review
DDC1-USONME-ASW2,1625,Virginia_Cancer_Specialists,,,,,1,0,TRAFFIC_DETECTED,Eth1/48,001b.bc25.2c13,"Silver Peak Systems, Inc.",MISSING_ARP,001b.bc25.2c13,YES,NONE,STP root bridge; do not recommend shutdown without topology review
